,x_pos_A,y_pos_A,yaw_pos_A,x_pos_B,y_pos_B,yaw_pos_B,x_pos_C,y_pos_C,yaw_pos_C,x_pos_D,y_pos_D,yaw_pos_D,timesteps
0,2.003136641028934,0.10082114968578519,0.00366247154820084,1.5005299637705,-0.6998953815885621,0.0005134339808737632,1.0018558713747752,0.100052752498198,-0.0004109482373673419,0.5002287705546064,-0.6999507953483336,0.00010037703787060486,0
1,2.0044340387327364,0.1011757980228621,0.005596124547876447,1.5008743321170193,-0.6998343404025197,0.0008303463910247994,1.0028864290241888,0.0998829109733623,-0.0013618380261562221,0.5006773407481547,-0.6997401132890961,0.0011211600048841306,1
2,2.0059134241923453,0.10150330531356494,0.006769458877601432,1.5014065138008037,-0.6996847816860995,0.0015523188990857928,1.0040520156469313,0.09980925984550548,-0.001517003891714376,0.501314573878161,-0.6994113584758421,0.0028245821110786415,2
3,2.0079772687260733,0.10184299802979119,0.008937253649159422,1.5020227773530264,-0.6995890820593779,0.0020343952914678464,1.0054587781686055,0.09983536332047342,-0.0018215581298792018,0.5021563718275397,-0.6990530551437847,0.005057465061818857,3
4,2.010412441236234,0.10247155288552481,0.012622354270163026,1.5027408097773125,-0.699491851344145,0.0025089824355471516,1.0069260931322415,0.09981443009557105,-0.002074297768682243,0.503278635624281,-0.6986691127799657,0.006893764879779091,4
5,2.0132622721184235,0.10347614611579264,0.01698046634820192,1.5036700288243645,-0.6994064477082942,0.0029581166852559425,1.0085012121774268,0.09976226444748554,-0.002486259958875207,0.5047068386412261,-0.6982753125176815,0.008857579288875796,5
6,2.016516996151234,0.10468097114159568,0.020683030849936293,1.504870564326619,-0.6991743676104852,0.004145491331615898,1.0103382926115494,0.09947459615221586,-0.003517428459896907,0.5062108275830575,-0.6979039560567788,0.01037384455495607,6
7,2.020136473756465,0.1057215502422146,0.021459646770059015,1.506306302516468,-0.6989259806872088,0.005605904476688226,1.0123967013387687,0.09936362888361754,-0.0042985131956783116,0.5077608712030702,-0.6975453083690238,0.01196281134172538,7
8,2.0237569732616345,0.10667112991420014,0.022536857635223152,1.507874303065358,-0.6986467787376848,0.006764533933523489,1.0145415223041827,0.09929350774442944,-0.004901916904133674,0.5101648588179575,-0.6972860062353793,0.012889075345641527,8
9,2.0274964043402868,0.10753420138432956,0.024887693651377985,1.5096915992348894,-0.6982830434214232,0.008528121867851141,1.0166859104986363,0.09909307279116471,-0.0055557087858005795,0.5125106515105591,-0.6970370525119961,0.014333994140397682,9
10,2.031446187079033,0.10828377779760759,0.02736354139691792,1.5117687608836097,-0.6979805127717644,0.009919802887897596,1.0188969901305398,0.0988099023076465,-0.0063547304270992495,0.5149602568466491,-0.696732361224824,0.016087581077460996,10
11,2.035730049589931,0.1086219916722253,0.02886279079771122,1.5141020538081156,-0.697644418154457,0.01158749080492347,1.0213955639730556,0.09859870489514895,-0.0072791645720959135,0.5178414576732787,-0.6963255460642532,0.017467708546798907,11
12,2.040263752315147,0.10919382040645884,0.03238986202498607,1.516623334224865,-0.6970466297708385,0.014078978150464806,1.0239807586545882,0.09840353342284913,-0.008386187786539552,0.5208659157395797,-0.6959953864598498,0.018713157890175434,12
13,2.0449793423406954,0.1099748608213875,0.035837039752692,1.5193913696196233,-0.696579888227854,0.016027140593724183,1.0267605814640406,0.09812231712977973,-0.009713388101068355,0.523914565233474,-0.6957024974244226,0.020383652349340475,13
14,2.049896776792248,0.11048924108028908,0.03862922221470662,1.5223932927315358,-0.6961974789514719,0.0181744676577987,1.0296002843152592,0.09781605387821471,-0.010725062434936391,0.5273658428249318,-0.6955170319705383,0.021355772508677075,14
15,2.0550525439835483,0.1111040601273465,0.04080566352427425,1.5256570300341596,-0.6959928240018642,0.019524610471037075,1.032673290651904,0.09763954776524095,-0.011452874637096214,0.5309132229131639,-0.6952484728544721,0.022166259966225656,15
16,2.060301387934111,0.1117474696873585,0.042977034641039864,1.5291297930655896,-0.6959559438764493,0.01980977391403854,1.0358544790755562,0.09755659040004862,-0.01222810549478246,0.5347194045653667,-0.6946509225064457,0.023632961412079736,16
17,2.065827974218084,0.11241096210415484,0.0445284798321324,1.5328928053323314,-0.6955343180963292,0.021054068739296296,1.038993569161683,0.0972560115567972,-0.013385429943849956,0.5386652978516007,-0.6941992194616616,0.02436732635928521,17
18,2.0712554311476574,0.11303577848362963,0.047144732633544253,1.5368319544342972,-0.6950405075748234,0.022937112858504013,1.0421928700784109,0.09694134126528818,-0.01474346139534217,0.542868223039185,-0.6937825988121572,0.026042346551057863,18
19,2.076625063661312,0.11376949181207696,0.04939744007146568,1.5408478146013853,-0.6945488203855432,0.024549158710588142,1.0454083205086317,0.09676052659479267,-0.015512321054702552,0.5472230502219375,-0.6933893351306415,0.02687990276164539,19
20,2.0827765164132974,0.11428588658023583,0.0506791872614533,1.5450335190307078,-0.6940906772633375,0.02675057793451887,1.0486674975128703,0.09651144102901654,-0.016382006701489187,0.551661917799261,-0.6930437128278055,0.027896530665119178,20
21,2.089048218210753,0.11474422204801034,0.05117329104817644,1.5494229667598551,-0.69389821328057,0.027851300208506596,1.0519749660135131,0.09643539208694836,-0.017058523825174483,0.5564729374598252,-0.6927715109772369,0.028646226927257854,21
22,2.095473378420323,0.11525542556799519,0.05274594440337641,1.5537679066848449,-0.6936546167575056,0.028149409485433527,1.0555313591038942,0.09621128353493502,-0.017575656527348126,0.5618459377843451,-0.692196362003484,0.029947185267838818,22
23,2.1020459941168426,0.11588525777413201,0.05382885463861938,1.5582258241267317,-0.6934009779194923,0.029002094244959892,1.0591930345711427,0.09602567855311847,-0.017648588229360215,0.5672176757199607,-0.6917046624269163,0.0323146174910791,23
24,2.1088627481940185,0.11666799187945283,0.05570066650293892,1.5628059211067264,-0.6931252408666153,0.02920626881830953,1.063078548682157,0.09605918884373123,-0.01707814929236417,0.5725783851633488,-0.6912341887103065,0.03474737053456027,24
25,2.1156821292986496,0.11745805568965946,0.05776632848513258,1.567510791537144,-0.6928811143476793,0.0295856971046802,1.06691876086587,0.09594727870025441,-0.017286656667818093,0.578507322322783,-0.6908418768335812,0.03631870400131033,25
26,2.1226408357452007,0.11831122245110404,0.060232049643884886,1.5722812290250423,-0.6927253048910517,0.029654632359977427,1.0707130303099097,0.09592356340314487,-0.017128527267856478,0.5845737303095462,-0.6903534712435175,0.037594277024737124,26
27,2.1297202243540827,0.11887586382885665,0.06176059681692969,1.5772883129416237,-0.692672682305051,0.029352663588272945,1.0744921239930805,0.0959488016259966,-0.016797678328610264,0.5906668503088793,-0.6898631863889882,0.03941068931710984,27
28,2.137123844759188,0.11913765315266484,0.061877647848641415,1.5823240646146433,-0.6925214611538301,0.029467472149939226,1.0783036996393545,0.09597838478748208,-0.016235653157001942,0.5971509813358243,-0.6893731964108754,0.04040637325731638,28
29,2.144650465711015,0.11950119029859221,0.06303027924942865,1.5875674087851708,-0.6922889662577759,0.029731840882158363,1.082291544579506,0.09599924785927533,-0.015817630919253034,0.6038352064030638,-0.6886127578208512,0.042293125725783455,29
30,2.1525470257946133,0.12010875524023236,0.06353218484123738,1.592994846948389,-0.6920699828254248,0.03029888792895996,1.0863935117921857,0.09586209995966283,-0.015537908256399516,0.6106474540742398,-0.6879082167971245,0.04368317843137933,30
31,2.1605567603204814,0.12070901973396035,0.06405375207034891,1.5985368051903244,-0.6917297824759739,0.03178006136394319,1.0905528635250972,0.095984758097892,-0.0151340879764287,0.6176185232053027,-0.6872852663181855,0.045187086472726366,31
32,2.168881535388945,0.12106130009781947,0.06418550292689984,1.6040968730937688,-0.6915069212903687,0.03181778317754734,1.094809186332352,0.09600131021887924,-0.014727822441760127,0.6247234310325978,-0.6868399084418284,0.045912943383796964,32
33,2.177351900383181,0.12155536249131571,0.06536135296353258,1.609748746213419,-0.6913035882148236,0.03211632074275703,1.0991331345314979,0.09589855221000913,-0.015090396223456704,0.6321481634687593,-0.6863180311211866,0.04757041342133396,33
34,2.1860072762848084,0.12218086159167231,0.06634815317314204,1.6156599123154949,-0.6911145763754465,0.03213867921734436,1.1035020029651001,0.09582809288391483,-0.015131045072845548,0.639568175239908,-0.6857303862080435,0.048260648012941436,34
35,2.1949232825415947,0.12287496278410255,0.06678717260569997,1.621695503544828,-0.6909262991151129,0.03265390648653339,1.107866055458431,0.09576927296745379,-0.015112317008498691,0.6473569793563452,-0.6848090410417008,0.05049065720250409,35
36,2.2040316361422416,0.12368236285674648,0.06753067661519327,1.6276909490079283,-0.6905545473363977,0.033013978453968425,1.1124798022858244,0.0954652743936395,-0.01590324374909261,0.6554003653580145,-0.6839919193779453,0.052058353953738146,36
37,2.213417394536806,0.12422338059257482,0.06767649452676015,1.634003490733018,-0.6903928463476857,0.03297719282439107,1.1172245331199946,0.09539586092654267,-0.016060437070087166,0.6633950968956084,-0.6831670512226294,0.05455247481919386,37
38,2.222824560071281,0.12480921900564543,0.06732625425853238,1.6403796084894113,-0.6900870486489039,0.0336718233579887,1.1220929151730874,0.09522700188967609,-0.016173488167603802,0.6716883262693083,-0.6828055122268052,0.054658269551613244,38
39,2.2328671627716083,0.12537034977684408,0.06690864997837308,1.6467785854135597,-0.6897439475187956,0.033461893478595975,1.1270607719121166,0.09513635856725483,-0.016770884094149677,0.6800476906577199,-0.6823862326501753,0.054864465377572134,39
40,2.2431406647458525,0.1262274503400178,0.06731010389107626,1.6533217747293754,-0.6894249834134722,0.03378327590996874,1.132064504203245,0.09496952626046436,-0.01686768759389274,0.6884340509504621,-0.681848643832407,0.054736087948431184,40
41,2.2535373723838976,0.12699683041634696,0.06766999916873295,1.6598578687704066,-0.6891052678915629,0.034941190385292385,1.1370458967537795,0.09486593460393951,-0.017191682933868177,0.696974697754699,-0.6813520092900985,0.05441271072568292,41
42,2.264068118190626,0.12778052691352515,0.06831834874658155,1.6664428533362163,-0.6886502024597442,0.03536145136116938,1.1420788495124863,0.09476195734264194,-0.017210255041721235,0.705534870885887,-0.6809602006692185,0.05405427420205219,42
43,2.2745867350765643,0.12858562034134682,0.06881821618867151,1.6732431770911027,-0.6883994015656228,0.03611137961286825,1.1472106037396301,0.09462576139194816,-0.017437192226009837,0.7142609253946399,-0.6804985447691627,0.05403277018050711,43
44,2.285510547294927,0.12895202366768913,0.0682453101527973,1.6800657816479154,-0.6881373485028048,0.036757027848338016,1.1524382941883715,0.09453687888178636,-0.017381617907989377,0.7230428398978578,-0.6800009470031416,0.054508476742744415,44
45,2.297011795940941,0.1295948437304771,0.07002189753733389,1.6870028925149192,-0.6876887238917344,0.03753909314383764,1.1578285274367603,0.09450435605800032,-0.016957467254013207,0.7319187582730347,-0.6796041632983045,0.054457104380823455,45
46,2.3085524140346734,0.13058185487992713,0.06950620229848403,1.6940510609666293,-0.687017545636032,0.039170682537998935,1.163177002561306,0.0945968756319328,-0.016555857226001457,0.7407306028244733,-0.6792528111779295,0.053494023292578595,46
47,2.32009735043468,0.13140792003498664,0.07062868760924818,1.7010358161455252,-0.6864485770642901,0.04026114068664796,1.1687785201425496,0.0945279015240083,-0.016838198933033816,0.7494404826199688,-0.6787824621293215,0.053269806510779893,47
48,2.3316351148492838,0.13223104207187084,0.0712354889574025,1.7080710272577297,-0.6859701117639884,0.04049244022108092,1.1744980280892419,0.094610657496388,-0.01628542740924514,0.7581187652416661,-0.6783119299758824,0.0532802684323715,48
49,2.343913221246756,0.13313202378678296,0.07131918407942545,1.715393077545602,-0.6856317829720773,0.04059529328675827,1.1803833284580922,0.09460083891976591,-0.015647105867751726,0.7668564271719228,-0.6778799019731238,0.05322732617861485,49
50,2.3562289329754798,0.13414957499974905,0.07132398977719676,1.7227438445470988,-0.6853848587919262,0.04101275100538057,1.1864388545343454,0.09458264474993683,-0.015195941916183092,0.775724410257477,-0.677382320438012,0.05335270881186466,50
51,2.3685289015610738,0.13519101003737613,0.07192352600839683,1.730159575060466,-0.6849920161802797,0.043045897041780065,1.192566636740456,0.09474429526128393,-0.013980802329525355,0.7847197451267417,-0.6766135379368203,0.054058134322815345,51
52,2.3811148815582888,0.13576390508820935,0.07235366239552224,1.7377252949002269,-0.6845913430091984,0.043868698934415515,1.1987610137982445,0.09481935545726827,-0.013598596007396963,0.7938472350206608,-0.6759471959567729,0.053576703592093836,52
53,2.39374649744529,0.13643804501913587,0.07281076699702506,1.7453845539211277,-0.6839534137970853,0.04506362143009355,1.2050469457829491,0.09486263811372153,-0.012991432178909624,0.8031269104131251,-0.6752580214236588,0.05373836088532098,53
54,2.406823148561424,0.13797222733805775,0.07363896154453434,1.7533234651736376,-0.6834506122510303,0.045835371970063335,1.2112642691124371,0.09488085378944643,-0.012149445531038744,0.8128080125813224,-0.6747788706651894,0.05341285391100095,54
55,2.4199376022565096,0.1393435109789708,0.07566168920016357,1.7614923380534877,-0.6828516155412904,0.04718157151794636,1.2174804360392968,0.09488621206103588,-0.01199979830530168,0.822653748077615,-0.6743565311446923,0.053212690384275875,55
56,2.4330678927800324,0.14079298959627481,0.07748420704217439,1.7698069609612916,-0.6822448373206463,0.04843388642715494,1.2237160776929963,0.09484135626089212,-0.011940791522925208,0.8327529287256463,-0.673695871880739,0.05331438397638638,56
57,2.4465500324598572,0.14187336662312078,0.077610119186606,1.778246181969827,-0.6814996122952979,0.050055144028253444,1.2300671074409502,0.09485027353592643,-0.011775307910092365,0.8429359778383978,-0.6730993753325416,0.05376950403682302,57
58,2.4601371150089997,0.14286558241777686,0.07825575381690497,1.7868373022524373,-0.6808325388248524,0.050311804061858076,1.2365133935538017,0.09484969996260781,-0.01166444171211079,0.8533582798489187,-0.6725372738467256,0.053938377769522615,58
59,2.473877183641429,0.14398765785836243,0.0775987731504039,1.79548732611309,-0.6802642351900129,0.05074101072084202,1.2430049210278606,0.09497224961703077,-0.010800272103606987,0.8641528068862178,-0.6719450562265423,0.05353185832201232,59
60,2.4877336766212896,0.14521592538229147,0.07775641345512524,1.804187591094758,-0.6797112594316453,0.05119915755978707,1.2495021935212258,0.09496205750995226,-0.010113303904970537,0.8750154813048644,-0.6713851148779377,0.053375149448784485,60
61,2.501939405254053,0.14630852836778344,0.07740885998977005,1.8129476282927852,-0.6792157832146645,0.05113358180773279,1.256222222732737,0.09506155007143366,-0.00892860205182011,0.8860238937758929,-0.6709463137910332,0.052572793398749255,61
62,2.516338419439093,0.14710121474000515,0.07661688535129063,1.8219607920089589,-0.6790154907407795,0.050027428274700386,1.2630312401717012,0.09530597076539157,-0.00746450609343344,0.8974781573423076,-0.6709819113601648,0.05159461014912907,62
63,2.530871557308938,0.1479399557305746,0.07672121166971459,1.8310874480314963,-0.6786654929970614,0.04920482089671703,1.2699464140534296,0.09521595956925877,-0.007065088010546596,0.9088930398031474,-0.6708338319141844,0.04834198732651533,63
64,2.5453774774607156,0.14880079614775826,0.07657936380459836,1.8403301096511915,-0.6783665420127665,0.04886410081660293,1.2768606828365652,0.09523679949218593,-0.006459526037644352,0.9203120683925675,-0.6706785142460233,0.04543129291393177,64
65,2.560117211107105,0.1496838201141255,0.07579646552308993,1.8495414554034841,-0.6779921406068753,0.04844673037565174,1.2838868086310031,0.09537741479878352,-0.005608334379696147,0.9320072218922537,-0.6703590071481189,0.04352651609686137,65
66,2.5751556675396583,0.15051871266676847,0.07447649255116479,1.858937253332261,-0.6773560544818079,0.04818753175857072,1.2909288386389155,0.09547113830372457,-0.004562683301471878,0.9439782945458516,-0.6701905543218682,0.04166401044513626,66
67,2.5902992252758454,0.15128298593459247,0.07396587860385474,1.86830268616969,-0.6767512538280067,0.04912007773595027,1.2980569182090083,0.09573718205107186,-0.003042470288602852,0.9559451868150289,-0.6699711788616252,0.039901875389199,67
68,2.6056770778151206,0.1520969533020102,0.07316928765726972,1.8777822175798256,-0.6764062456491629,0.04937062036868648,1.305314650127744,0.09608104693105667,-0.0010208719999664504,0.9683064230360431,-0.6699305965803715,0.037755021875194764,68
69,2.6210994524237052,0.15286297253841757,0.07194874822362668,1.88728978075137,-0.6759935296298415,0.04930268351164803,1.312647486949526,0.09643220102723003,-0.00010364055916818459,0.9808616975653686,-0.6699029858841872,0.03544853446594801,69
70,2.636783684742993,0.15356360836435326,0.07105251295316393,1.8966190248583443,-0.6754691803447267,0.04980936708118945,1.320120427464075,0.09665293814666863,0.001397532172147966,0.9934388256067664,-0.6698545103492684,0.034114063670967455,70
71,2.6524340147627954,0.15424613889409705,0.06968203815589397,1.905804301749802,-0.6750003596371952,0.04970910156647591,1.32772235661439,0.09684284415342466,0.0033635936516610717,1.0062421331494624,-0.6696682716518283,0.03292710511963487,71
72,2.667899230606031,0.15509630917442765,0.06685036313491749,1.9150376286547568,-0.6745934770799694,0.049694246429577336,1.335373672779279,0.09726576782332999,0.00615045627949512,1.019238814448357,-0.6694293916716777,0.031192058028460812,72
73,2.6828624929485234,0.15570505297720574,0.06518626461085056,1.9244656774342919,-0.6743574098094214,0.049219230001984436,1.343085381228476,0.09770414650668191,0.007659722419832326,1.0323099832792046,-0.6692811180631455,0.029738723425649198,73
74,2.697799901213071,0.15636334135070476,0.06250837078404947,1.9340160149650703,-0.6739430776913226,0.04887931338254588,1.3507159003178875,0.09806241453848726,0.008208141257462402,1.0452201546024082,-0.6693590263821803,0.02762929634586435,74
75,2.7128217079942702,0.1568519663349852,0.05975933133674153,1.9437143945485835,-0.673381660404219,0.04904338982784454,1.3583544893208297,0.09827345159701179,0.009008416486435316,1.0581697463175317,-0.669474821778416,0.02489874603660253,75
76,2.7277956677876216,0.15774638235432378,0.05778307977086688,1.9537126629876524,-0.67287349750255,0.04875354007820834,1.3661620835960082,0.09838577728031665,0.009391353119421275,1.071048767639096,-0.6694833792708911,0.022384676690496597,76
77,2.7429179388025244,0.15871869405850864,0.055831657418174876,1.963781706671406,-0.6724710093737505,0.047726961160281155,1.373946859493029,0.09871745074432631,0.010643733816156105,1.0839339294749402,-0.6693375840578522,0.021050536252138933,77
78,2.7582325547620483,0.15942506559918168,0.05529917225403767,1.9739399550267491,-0.6721514118892751,0.04634075181100944,1.3816156495519596,0.09903476890578349,0.011028811022429615,1.0968509548957772,-0.6691696403008772,0.020266039719069085,78
79,2.7735256659208782,0.1601608144601864,0.05529988010779155,1.9843117730135709,-0.6719257656468287,0.044231678611506245,1.3892151519062754,0.09927203688489462,0.011708320854853665,1.1100691296235197,-0.6691487149156397,0.02003723657093537,79
80,2.7890831158800875,0.16113428257321954,0.05589492203104867,1.9944166259152458,-0.671774120049173,0.04347246013724451,1.3968112511332147,0.09939814155138765,0.012048297422186766,1.1233919910150303,-0.6691278349883463,0.020058151343308243,80
81,2.804746485909377,0.1618316707621859,0.05723495115193856,2.0043686598231054,-0.6713974936904291,0.0432089164599676,1.4044027614162389,0.09952656887951995,0.013130991132830653,1.136708883029071,-0.6690982553867184,0.020218166099964595,81
82,2.820427668433939,0.16271178009052403,0.05771123017267472,2.0141052069879084,-0.6710491680277295,0.042032690089244824,1.412114353238919,0.0996511707341904,0.013505312887858303,1.1504300475515994,-0.6690876498375774,0.019645071947278863,82
83,2.8364665973567296,0.16357896333410465,0.05713258314172665,2.0238042138895644,-0.6705957845320504,0.041912056374835305,1.4198660818627158,0.09981273449703076,0.013762224034918358,1.1640642733756343,-0.6688604103613444,0.017556254847742418,83
84,2.8526205679539496,0.16457402569203464,0.05800646340021902,2.033492688429393,-0.6703915533927682,0.04143812214527378,1.4275577761140261,0.09993373826369277,0.01354514796021123,1.1775385738861601,-0.6687220102179108,0.01663309227018364,84
85,2.868814866160699,0.16559882052305785,0.058603975694356984,2.043276380853252,-0.6703087842064411,0.03981468757460061,1.4352446071188536,0.10005361115690774,0.012971921645240718,1.1908170176550832,-0.6690943690243926,0.016144961082705772,85
86,2.885450865350332,0.16675898137727554,0.0607810877283238,2.053117735912295,-0.6701296558467592,0.03904350117375777,1.4431407475286728,0.1001767386723086,0.013296006346775616,1.2040978627441754,-0.6688381274357763,0.01608722374768597,86
87,2.902307229170012,0.1678452294968322,0.06168366088605809,2.063059906060075,-0.6697904686680701,0.03980359979371553,1.4510127559844326,0.1003470845598372,0.014259550212109333,1.2173710172148324,-0.6685819065795979,0.01605046731796494,87
88,2.9192340032925603,0.16910808514470133,0.06358025369853454,2.07297923499336,-0.6695404708718623,0.039257160789387395,1.4590406689039146,0.1006535319564758,0.015194254024666374,1.2307333409944725,-0.6683998104761937,0.01727369970566285,88
89,2.936104054388028,0.17040518915380576,0.06525723388080357,2.0830019919653484,-0.66916801584721,0.04002752596205089,1.4670129438055317,0.1009669284284445,0.015723693730012523,1.2441237732828216,-0.6681086366275253,0.01744862172564694,89
90,2.9530698906553803,0.17176187755450054,0.06720055495237756,2.092899961554721,-0.6688053546592483,0.039445648897038874,1.4750838150012597,0.10123904481393854,0.016832369405497608,1.2580487313698094,-0.6678344397456626,0.016555677850133642,90
91,2.9699874655452274,0.17336926773694541,0.06830713456412119,2.1027857131635384,-0.6683327666500932,0.03979213392017294,1.483218859747848,0.10147077543746263,0.017885301968645656,1.2719625175725,-0.6675621435423064,0.015264187396371353,91
92,2.986862539092819,0.1747304547205351,0.0689276463095576,2.112506389374005,-0.6679292667119965,0.03940834713284008,1.4913835614131599,0.10186396973884294,0.019461198631076673,1.2861196507642034,-0.6674329918584256,0.012540279947494579,92
93,3.0033968900469543,0.17638252964371232,0.06901162882138312,2.122062697335849,-0.6676416354766552,0.03865361130202677,1.4995799920763657,0.10221411471874368,0.020898119280757688,1.3003452866785634,-0.6675378280711946,0.010752948180789057,93
94,3.0197665559023266,0.1775813566367735,0.06933035448716304,2.131517602687721,-0.6674769705630512,0.03823456694808658,1.5078341013146013,0.10273433193950188,0.021620227166827852,1.3149924368120096,-0.667645088232821,0.00869579630262587,94
95,3.0360435534438457,0.1786956380906731,0.0701504864715503,2.1409641812954683,-0.6673122582742672,0.03777849775107247,1.51619221722541,0.10325398608732704,0.023051190407406552,1.3299706027450198,-0.6679801800305984,0.0065788962658587654,95
96,3.0521232744005125,0.18004583776847946,0.0709971554435569,2.1502451021030065,-0.6668082335909765,0.03837236322281974,1.5245604082445843,0.10383621659741855,0.024999226617952418,1.344936229783182,-0.6683149901058174,0.00454235906631378,96
97,3.0682504930620564,0.18147249461753043,0.07232526324820163,2.159599678794795,-0.6661766112477109,0.03974577258578109,1.5329178830089218,0.10430241977087769,0.026282994959852986,1.3602397153451438,-0.6689954700959367,0.0022256999017993525,97
98,3.084460273865652,0.1828655441283053,0.07389048433056937,2.1688037701866065,-0.6655367277889526,0.04092034817943746,1.541314796091706,0.10465811675941586,0.027196179260842872,1.375802113604474,-0.6695549305328112,0.002114738842358722,98
99,3.100861627841689,0.18454332229970785,0.07564416138213012,2.1781315145929536,-0.6649450777973547,0.04170156598424127,1.5498153303795548,0.10494486019774317,0.027844806000038802,1.391382156738408,-0.6699819991709928,0.0011090603695867907,99
100,3.1174096059303644,0.18632138685637722,0.07691209851075918,2.1875181138533693,-0.6643319242670771,0.042670137827160476,1.5582347285123288,0.10522292352801824,0.027981855107509473,1.4070632459187027,-0.670603793190772,2.7030901751037973e-05,100
101,3.1343128292225146,0.18801858075124378,0.07866139943489939,2.196718719603049,-0.6637085576003815,0.044294602645231156,1.5665496449947003,0.10533912740563581,0.027043027748164448,1.422740314639859,-0.6711840204559463,-0.0024272188047995114,101
102,3.1512721896062823,0.19001273906116278,0.08156890125744282,2.2057305387771686,-0.6628927282922076,0.04549003825518592,1.5747258578691616,0.10560101041373889,0.026286996522373166,1.438887059129649,-0.6717208760720051,-0.0045163676548937385,102
103,3.1682118083685586,0.19200316456809272,0.08410424655797893,2.214711080366102,-0.6621587330699646,0.04693395834096674,1.582729635433022,0.10568368763986143,0.02680141602327224,1.4551380231414281,-0.6721499944300307,-0.0072245699619580455,103
104,3.1850652811302287,0.19363086883469077,0.08542355597196338,2.223738972255443,-0.6613939421804339,0.04896662185393601,1.5905407378068368,0.10584879482282032,0.02658382094686972,1.4714921308698663,-0.6725442443956332,-0.009380840049067099,104
105,3.201667755893606,0.195367797067733,0.08588209303151022,2.2328531724319434,-0.6607573097519667,0.05028764805702464,1.5983584390400827,0.10625852382320804,0.027365418421982896,1.4885249539638619,-0.6725093081839345,-0.010204537883516987,105
106,3.2181053091189273,0.19697180405162307,0.08774223686567766,2.2419715520601358,-0.6600471826291281,0.05206451437138431,1.606116328114933,0.10668892708318095,0.027142351344963286,1.5058785954140548,-0.672547703423632,-0.012631590177217048,106
107,3.2341733383763223,0.19906365728152917,0.0896559942445193,2.2511613077300505,-0.6592421206223712,0.054100181901549214,1.6138384643182608,0.10692085052342429,0.02743490269611373,1.523214328655171,-0.6725855619316272,-0.014903722707659576,107
108,3.2502041841504923,0.20106095026309545,0.09131398330373017,2.2608283657978054,-0.6583567448876283,0.055839715047363285,1.6216496887508451,0.10702239740668501,0.027752761501447017,1.5405174805111455,-0.6726707486114539,-0.016998830896191013,108
109,3.26629446273184,0.20285865025558217,0.09194537505745423,2.270573959802324,-0.6575258887127139,0.05843413907445864,1.6294680274460869,0.10746279219655719,0.029202828261265922,1.5576963412717217,-0.6728501965805389,-0.018944894269141636,109
110,3.2824783684863164,0.20444830931759475,0.09221687027604168,2.2802303625823135,-0.6567063675741611,0.05972073678963818,1.637399236363798,0.10792527839502224,0.029739157358327818,1.575189180752718,-0.6731689915102812,-0.02024386439032937,110
111,3.2986469809107275,0.20603523236236013,0.09232004833725821,2.2898801808159535,-0.6557316263221458,0.06136368535011614,1.6454046211855498,0.10833316635951196,0.029730681492104113,1.5924556517913961,-0.6729939282510876,-0.019002865465324596,111
112,3.314833502660458,0.20764180567132234,0.09282903097171166,2.2997177177082957,-0.6547408726401873,0.0636022778376719,1.6533490715245196,0.10859322761339318,0.030138269108592238,1.6096242823560705,-0.6729629933665893,-0.015877480450027386,112
113,3.3312287208440488,0.2094093687094021,0.09191533205736381,2.3095605990507453,-0.6538207571448812,0.06496619631510199,1.6613287166236468,0.1087384073492149,0.02933415418671035,1.6268064000463585,-0.6730233834257087,-0.01346323519835561,113
114,3.347780229565783,0.2108743042278048,0.08966254154392579,2.31947742900302,-0.6529492923242205,0.06555928607775204,1.669095805285889,0.1090824269096643,0.029790343275451416,1.6442016951399914,-0.6730579642559251,-0.013188621519579396,114
115,3.364664213938586,0.2123752876745552,0.0893175546203201,2.3294012052740882,-0.6521504024256417,0.06688924671038934,1.6767913313357308,0.10946134838205251,0.02959832409995394,1.6617623542804758,-0.6735415503685004,-0.013208489720794905,115
116,3.3815971009992922,0.21384539729180801,0.08917545049445103,2.3393446907475415,-0.6514709381138678,0.06735626334783111,1.6845804967705436,0.10953281627470701,0.028897706286352947,1.6793196194576825,-0.6741581070692065,-0.013223911420693214,116
117,3.3987986149731033,0.21535081170883769,0.08890415363491865,2.3491940845743784,-0.6506699192954707,0.0674128765961981,1.692321452783301,0.10957742469110543,0.028518619187290522,1.6968220465315835,-0.6745978539068097,-0.0151316952502691,117
118,3.4163876022123603,0.2167674413679032,0.08814744821717567,2.3590673910911515,-0.6498599602819924,0.06811618976430181,1.7000817672459843,0.10972484661204664,0.02953819162331204,1.714723319390581,-0.6750159624658064,-0.015984193333065715,118
119,3.433880864547001,0.218204980841486,0.08745044576940396,2.3689638805178284,-0.6491622733876817,0.06828505695740761,1.7079405265166863,0.11004248383260548,0.02970195090265295,1.7327317738707482,-0.6753389031106241,-0.015639802608251825,119
120,3.4514504650935716,0.2196902089013259,0.08631413136959089,2.3789380295291838,-0.6486457914776658,0.06759114920360543,1.7159445473350958,0.11019818531496081,0.029082438464612496,1.7508008412964,-0.675681588962643,-0.013971174432798352,120
121,3.46920048357144,0.22101256310175244,0.08583662559692183,2.388861772309021,-0.6481177227322097,0.0672946228436496,1.7240362068618285,0.11012959897385308,0.028721271557938223,1.7689707982797853,-0.6758905581176088,-0.012190612350712964,121
122,3.486960792298758,0.2224353371415625,0.08466538321137297,2.3988314699060704,-0.6474418572171684,0.06764250697510371,1.7320505982498458,0.1101832838896283,0.0287353916006762,1.787092464887281,-0.6761243469237165,-0.01081239657896083,122
123,3.50480383010534,0.22388369104214284,0.08450946150348616,2.4088820025104103,-0.6466566651214533,0.06844011743207144,1.740074527389902,0.11034951505249345,0.029596754819091273,1.8051251579387941,-0.676562950870608,-0.011030637728134193,123
124,3.5229349443467273,0.2255282277459583,0.08615894566163068,2.419076134668163,-0.6455350664624864,0.07060898063003196,1.748150846084802,0.11085673641837815,0.03078733176005016,1.823090964716318,-0.6771088659214529,-0.012269159861746162,124
125,3.5409852295333883,0.2273207921276205,0.08799175960611737,2.4294021882972947,-0.6445705905209959,0.07181284743722698,1.7562269566425506,0.11135259107855572,0.03218611044467253,1.8411761977089094,-0.6774982313504625,-0.011602578923955453,125
126,3.5587888900154336,0.22910070943929278,0.08942896623329666,2.4396088037152355,-0.6436253530942959,0.07353434213395946,1.7642372384785778,0.11186768440447802,0.03361185047434162,1.859397164483038,-0.677887859418982,-0.013386928289725436,126
127,3.5765237968253283,0.2306087572007951,0.09058640977963406,2.4496864694559206,-0.6425730926642348,0.07432195774679984,1.7722867238388262,0.11257675127759245,0.035745296791189575,1.8775061920245597,-0.6783186476083406,-0.014179170582071512,127
128,3.5942435907424293,0.23218902230959296,0.09131244810070833,2.4597509962988293,-0.6415278387961907,0.07569830536350489,1.7803548637833333,0.1132578879555705,0.03722529735028782,1.8954994755745092,-0.6788472728827023,-0.014199425013786108,128
129,3.61178274112057,0.23391866257039604,0.09232162499990622,2.4697968312809127,-0.6405162160908504,0.07741150836482107,1.7885670576493327,0.11378848014715587,0.038523467378840166,1.9133340710943396,-0.6793420699698813,-0.01693742974722501,129
130,3.628822762883105,0.2358222999960775,0.09395157786261159,2.4798579164346446,-0.639534510776904,0.07877975603545657,1.7967942032399773,0.11426966342525743,0.03924688798673057,1.930631581819097,-0.680164598464168,-0.01999028007224009,130
131,3.645784905302013,0.23774588312665929,0.09487301651753371,2.4897921912518757,-0.6385732200483816,0.08026073196566538,1.8047117214252237,0.11466208546975099,0.03963515255532817,1.9478768272960802,-0.6810265643626232,-0.02302931688784664,131
132,3.6626131195323692,0.23955102019302366,0.09605659657226204,2.499580741242312,-0.6373086017741122,0.08356412408340096,1.8125248120645232,0.11505521732402627,0.040051132517387816,1.9649156325269697,-0.6817717693978355,-0.02518149487936465,132
133,3.679546244059763,0.24142715380504598,0.0976635985494617,2.5095219165216567,-0.6361626408721481,0.08465676165026112,1.8203323032196377,0.11544573304486833,0.039723250778858264,1.98165708397791,-0.6826276826670845,-0.02695573182609928,133
134,3.6967238478293365,0.24351882133728714,0.09951002948413823,2.519567420053064,-0.6350534870302972,0.08675369902113293,1.8280577695418916,0.11574330192027701,0.039900723611987536,1.998383938736552,-0.6834819036622545,-0.02858843315238424,134
135,3.7141563169043503,0.24573937326920234,0.10131725576797129,2.5294919893141063,-0.6339658213928111,0.08757504459093224,1.83575788150794,0.11614811870180484,0.04044058733524378,2.0151480600652336,-0.6839744960132044,-0.028785047446516877,135
136,3.7315723178214357,0.2479579723106427,0.1030510368520286,2.5394306836035083,-0.6329129403149322,0.08852363936726329,1.8434466687361342,0.11650536149630784,0.040573080797350405,2.03214026350111,-0.6843686484288235,-0.029257040403436664,136
137,3.7488944564758513,0.2500914343089993,0.10578255872772625,2.5493656225414676,-0.6317900790654738,0.08989764592085031,1.8511218697920426,0.11692164201206112,0.04081483816858145,2.0493230325952076,-0.6848686337593471,-0.02985352499376256,137
138,3.766559676520789,0.25241628356909546,0.1080324207769436,2.5593425664825125,-0.6307934695437217,0.09018008454326283,1.85867555495852,0.11732207846241578,0.041649485827599725,2.066501095848141,-0.685507543102989,-0.029816431749630248,138
139,3.784129653819271,0.25474349813717956,0.11001269830622588,2.5693976356442016,-0.6297164120651005,0.09113588613297284,1.8660903379171347,0.11768789790502109,0.042385645491774454,2.083711205691575,-0.6861389434595141,-0.029649548004653487,139
140,3.8013727247477,0.2567504472417842,0.11115563649963446,2.5794732472712716,-0.6284750053479858,0.09298584586871193,1.873505114772142,0.118201555560817,0.0436231589554106,2.1012659036054697,-0.6866993849489176,-0.03016348744803548,140
141,3.8185852831793157,0.258749838133117,0.11155467439419155,2.589564375419766,-0.6273012345289641,0.09372383239118295,1.8809366003499863,0.11872949808469585,0.04471393665661511,2.1193232558161514,-0.6877961426513659,-0.03209331857548768,141
142,3.8355412685423538,0.2605843817990302,0.11183080262758029,2.5999919554953763,-0.6260487339179118,0.09581003021627414,1.8885196748286477,0.11921142588644067,0.04556021178578216,2.137300511843238,-0.6888470742892607,-0.03482481382744382,142
143,3.852563761643492,0.2624778762390318,0.11205306402372005,2.6104463198216012,-0.6246468123778753,0.09815870412296758,1.8961730551430873,0.11977657500720335,0.04674282168755098,2.155209256200991,-0.6899066036078453,-0.03686659132922688,143
144,3.8696107183863213,0.26440664784179985,0.11148928270619747,2.621170973811092,-0.6234498209197773,0.0991556841984952,1.903825772856664,0.12032241417564213,0.04772949673507125,2.1734501847826233,-0.6907672199433892,-0.03743786348814483,144
145,3.8866398416732446,0.2663338975929166,0.11105752110828987,2.621170973811092,-0.6234498209197773,0.0991556841984952,1.9115800551419786,0.12102910948567006,0.04895256835242731,2.1734501847826233,-0.6907672199433892,-0.03743786348814483,145
146,3.903511867567478,0.26824306702645234,0.11063657632319356,2.621170973811092,-0.6234498209197773,0.0991556841984952,1.9192928634374016,0.12186784046899386,0.0509379953966479,2.1734501847826233,-0.6907672199433892,-0.03743786348814483,146
147,3.920494728728934,0.26980736344791995,0.10883998176646785,2.621170973811092,-0.6234498209197773,0.0991556841984952,1.9269548808143142,0.1225812527221123,0.05151531556180304,2.1734501847826233,-0.6907672199433892,-0.03743786348814483,147
148,3.9374555671161513,0.27158596136605956,0.10791793776281446,2.621170973811092,-0.6234498209197773,0.0991556841984952,1.9346864636289658,0.12315731629262773,0.05281364015183661,2.1734501847826233,-0.6907672199433892,-0.03743786348814483,148
149,3.9545241742980184,0.273589999901109,0.10752635033474825,2.621170973811092,-0.6234498209197773,0.0991556841984952,1.9424024115468652,0.12389505727933925,0.05425202136513436,2.1734501847826233,-0.6907672199433892,-0.03743786348814483,149
150,3.9715667313579606,0.27552137126921394,0.10794080748774389,2.621170973811092,-0.6234498209197773,0.0991556841984952,1.950034946655029,0.12466477206696741,0.05587195471131447,2.1734501847826233,-0.6907672199433892,-0.03743786348814483,150
151,3.9891260341483705,0.2773294642478636,0.10634912635190294,2.621170973811092,-0.6234498209197773,0.0991556841984952,1.9576267858519305,0.12542878528032467,0.0578095006073053,2.1734501847826233,-0.6907672199433892,-0.03743786348814483,151
152,4.0067649651296176,0.2790840509220537,0.10561792650125605,2.621170973811092,-0.6234498209197773,0.0991556841984952,1.9653196128128687,0.12604467902633312,0.05929575615865695,2.1734501847826233,-0.6907672199433892,-0.03743786348814483,152
153,4.024524981000897,0.280901410901302,0.10525558879399302,2.621170973811092,-0.6234498209197773,0.0991556841984952,1.9730755096184998,0.12664033675761416,0.06110601869367732,2.1734501847826233,-0.6907672199433892,-0.03743786348814483,153
154,4.042363475056381,0.28267568917861746,0.10562810353137213,2.621170973811092,-0.6234498209197773,0.0991556841984952,1.9807266573153142,0.127165800291845,0.061340363486401456,2.1734501847826233,-0.6907672199433892,-0.03743786348814483,154
155,4.060181695592079,0.2844486419868392,0.10604678317816318,2.621170973811092,-0.6234498209197773,0.0991556841984952,1.9884063011616253,0.12754419172987647,0.06087097307296376,2.1734501847826233,-0.6907672199433892,-0.03743786348814483,155
156,4.07844614926661,0.2865721314990468,0.109496830771388,2.621170973811092,-0.6234498209197773,0.0991556841984952,1.9960725421734518,0.12800509573252528,0.061000966775709174,2.1734501847826233,-0.6907672199433892,-0.03743786348814483,156
157,4.096560895624887,0.2887164687766031,0.11170330630107553,2.621170973811092,-0.6234498209197773,0.0991556841984952,2.0038099373350087,0.12847228965303256,0.06101365855692387,2.1734501847826233,-0.6907672199433892,-0.03743786348814483,157
158,4.1146963898398345,0.29095986379795735,0.11297864190694443,2.621170973811092,-0.6234498209197773,0.0991556841984952,2.0115941287765926,0.12912840541249532,0.0619792896996252,2.1734501847826233,-0.6907672199433892,-0.03743786348814483,158
159,4.133014488679063,0.29307042250429494,0.11273300695976,2.621170973811092,-0.6234498209197773,0.0991556841984952,2.0193801456429545,0.12991208747955377,0.06357951891949921,2.1734501847826233,-0.6907672199433892,-0.03743786348814483,159
160,4.151361038074024,0.29510891700894676,0.11192268075785615,2.621170973811092,-0.6234498209197773,0.0991556841984952,2.0272875415206784,0.13067581967757183,0.06438035390198135,2.1734501847826233,-0.6907672199433892,-0.03743786348814483,160
161,4.169617951220173,0.29723515858349014,0.11119670738182436,2.621170973811092,-0.6234498209197773,0.0991556841984952,2.035246137837231,0.13148274633352233,0.06508559515512698,2.1734501847826233,-0.6907672199433892,-0.03743786348814483,161
162,4.187973995986396,0.29919115144605524,0.11042213565303213,2.621170973811092,-0.6234498209197773,0.0991556841984952,2.043306677125114,0.13208508521653536,0.06600381228899575,2.1734501847826233,-0.6907672199433892,-0.03743786348814483,162
163,4.206318806693758,0.3011648889364464,0.10997435868889138,2.621170973811092,-0.6234498209197773,0.0991556841984952,2.051453487803235,0.13280777979702585,0.06735882379569184,2.1734501847826233,-0.6907672199433892,-0.03743786348814483,163
164,4.2248167641544585,0.3029888066718762,0.1078768408920889,2.621170973811092,-0.6234498209197773,0.0991556841984952,2.059675241983826,0.13365820904612552,0.06891973622820247,2.1734501847826233,-0.6907672199433892,-0.03743786348814483,164
165,4.24334279578613,0.3049906395590893,0.106689916055174,2.621170973811092,-0.6234498209197773,0.0991556841984952,2.067925367497986,0.1345646286757228,0.07005866684104917,2.1734501847826233,-0.6907672199433892,-0.03743786348814483,165
166,4.261977048602925,0.30676056574545324,0.10547989581483352,2.621170973811092,-0.6234498209197773,0.0991556841984952,2.076205543514065,0.13555219943130134,0.07127306923052408,2.1734501847826233,-0.6907672199433892,-0.03743786348814483,166
167,4.280652028326593,0.30846679724330117,0.103266361386608,2.621170973811092,-0.6234498209197773,0.0991556841984952,2.084539479192713,0.1366816623143832,0.07306425912334562,2.1734501847826233,-0.6907672199433892,-0.03743786348814483,167
168,4.299453762736471,0.31034406849175755,0.103087122342384,2.621170973811092,-0.6234498209197773,0.0991556841984952,2.0929008314584028,0.13770690563254617,0.07540300898492006,2.1734501847826233,-0.6907672199433892,-0.03743786348814483,168
169,4.318290928077504,0.31225766713754183,0.10267530947888806,2.621170973811092,-0.6234498209197773,0.0991556841984952,2.1013498394424923,0.13865157698121663,0.07807007645802892,2.1734501847826233,-0.6907672199433892,-0.03743786348814483,169
170,4.337463382897124,0.3139953831625063,0.10183287212575515,2.621170973811092,-0.6234498209197773,0.0991556841984952,2.1099614373261923,0.1397450560618543,0.08068164999488918,2.1734501847826233,-0.6907672199433892,-0.03743786348814483,170
171,4.357215344064444,0.31557578445932744,0.09934036652008608,2.621170973811092,-0.6234498209197773,0.0991556841984952,2.1186171132163523,0.1408111800403234,0.08250140752277785,2.1734501847826233,-0.6907672199433892,-0.03743786348814483,171
172,4.376960205728449,0.317186217070915,0.09640268008703842,2.621170973811092,-0.6234498209197773,0.0991556841984952,2.1272001192358534,0.1419404864341815,0.08392939133441121,2.1734501847826233,-0.6907672199433892,-0.03743786348814483,172
173,4.396643739494371,0.3185165389685631,0.0959313887101222,2.621170973811092,-0.6234498209197773,0.0991556841984952,2.1358051476009012,0.1431772806036723,0.08616834028666401,2.1734501847826233,-0.6907672199433892,-0.03743786348814483,173
174,4.416242627291503,0.3199508287316985,0.09477947993699022,2.621170973811092,-0.6234498209197773,0.0991556841984952,2.1443766636907897,0.144298259057785,0.08806663004485435,2.1734501847826233,-0.6907672199433892,-0.03743786348814483,174
175,4.436199728680611,0.3213240461925947,0.09278930152328378,2.621170973811092,-0.6234498209197773,0.0991556841984952,2.152959451862087,0.14529620866972928,0.08940155399162475,2.1734501847826233,-0.6907672199433892,-0.03743786348814483,175
176,4.456097623476775,0.32282825698172823,0.0892512018802713,2.621170973811092,-0.6234498209197773,0.0991556841984952,2.161501688730109,0.14642130554664712,0.09147335466387295,2.1734501847826233,-0.6907672199433892,-0.03743786348814483,176
177,4.476282092030571,0.3245277558279878,0.08635084765519334,2.621170973811092,-0.6234498209197773,0.0991556841984952,2.170008798959379,0.14744685091399007,0.09288917443779732,2.1734501847826233,-0.6907672199433892,-0.03743786348814483,177
178,4.497081718153829,0.3261360693038876,0.08492742866759272,2.621170973811092,-0.6234498209197773,0.0991556841984952,2.1786241359376413,0.14836856555507338,0.09394683281493472,2.1734501847826233,-0.6907672199433892,-0.03743786348814483,178
179,4.517833737467428,0.3277304646739375,0.08384312947845046,2.621170973811092,-0.6234498209197773,0.0991556841984952,2.187266668675517,0.1492535007112642,0.09547915917011425,2.1734501847826233,-0.6907672199433892,-0.03743786348814483,179
180,4.5388099154487325,0.32905371414107043,0.08130081131838252,2.621170973811092,-0.6234498209197773,0.0991556841984952,2.1959998965347247,0.1503978838217427,0.095889494964925,2.1734501847826233,-0.6907672199433892,-0.03743786348814483,180
181,4.559542314940139,0.33024741343880737,0.07859231073807513,2.621170973811092,-0.6234498209197773,0.0991556841984952,2.2048990094324705,0.15148441733924112,0.09672305724083403,2.1734501847826233,-0.6907672199433892,-0.03743786348814483,181
182,4.5800176023862695,0.33161846919610694,0.0765651286690119,2.621170973811092,-0.6234498209197773,0.0991556841984952,2.213825159209427,0.1524333968122359,0.0969893651693911,2.1734501847826233,-0.6907672199433892,-0.03743786348814483,182
183,4.6003096157275225,0.33279343682553264,0.07509163558613353,2.621170973811092,-0.6234498209197773,0.0991556841984952,2.2227044129479308,0.15347537737878286,0.09790692791317152,2.1734501847826233,-0.6907672199433892,-0.03743786348814483,183
184,4.620485164533174,0.33401430030410234,0.07538544317452625,2.621170973811092,-0.6234498209197773,0.0991556841984952,2.2315126406020194,0.15438669450638748,0.09813723968187071,2.1734501847826233,-0.6907672199433892,-0.03743786348814483,184
185,4.6407134304348245,0.33520049911051186,0.07427805329997392,2.621170973811092,-0.6234498209197773,0.0991556841984952,2.2403029955705547,0.15529134389613128,0.09852800113184068,2.1734501847826233,-0.6907672199433892,-0.03743786348814483,185
186,4.660971234638395,0.3364390258620462,0.07296140140015982,2.621170973811092,-0.6234498209197773,0.0991556841984952,2.2489798965978833,0.15627872389669586,0.0993281072747971,2.1734501847826233,-0.6907672199433892,-0.03743786348814483,186
187,4.681209559991208,0.33749199061257706,0.07085025058007839,2.621170973811092,-0.6234498209197773,0.0991556841984952,2.2576575715280103,0.15725760679469003,0.09985838667485658,2.1734501847826233,-0.6907672199433892,-0.03743786348814483,187
188,4.701588278683069,0.33862993288192444,0.06914568357811035,2.621170973811092,-0.6234498209197773,0.0991556841984952,2.266233563712303,0.15793456374472586,0.09920512355411211,2.1734501847826233,-0.6907672199433892,-0.03743786348814483,188
189,4.722180557761469,0.3400827711786655,0.06906809092345333,2.621170973811092,-0.6234498209197773,0.0991556841984952,2.2748164245391416,0.15860080668320536,0.09870616004569652,2.1734501847826233,-0.6907672199433892,-0.03743786348814483,189
190,4.7429228865632025,0.34153929771375985,0.06870047835839069,2.621170973811092,-0.6234498209197773,0.0991556841984952,2.283424640910632,0.15927305584308588,0.09728591420423248,2.1734501847826233,-0.6907672199433892,-0.03743786348814483,190
191,4.7638225290846075,0.3430131190015432,0.06876856483556676,2.621170973811092,-0.6234498209197773,0.0991556841984952,2.2921220924095067,0.15991069084061127,0.09573563847086068,2.1734501847826233,-0.6907672199433892,-0.03743786348814483,191
192,4.7852322004211,0.3444000457717752,0.06763014553436777,2.621170973811092,-0.6234498209197773,0.0991556841984952,2.3008892996354002,0.16063208046655522,0.09511898107453876,2.1734501847826233,-0.6907672199433892,-0.03743786348814483,192
193,4.7852322004211,0.3444000457717752,0.06763014553436777,2.621170973811092,-0.6234498209197773,0.0991556841984952,2.3096840897350157,0.16133357613714266,0.09493374650969329,2.1734501847826233,-0.6907672199433892,-0.03743786348814483,193
194,4.7852322004211,0.3444000457717752,0.06763014553436777,2.621170973811092,-0.6234498209197773,0.0991556841984952,2.3185771271010376,0.1620701748500072,0.0944116561777397,2.1734501847826233,-0.6907672199433892,-0.03743786348814483,194
195,4.7852322004211,0.3444000457717752,0.06763014553436777,2.621170973811092,-0.6234498209197773,0.0991556841984952,2.327423220546181,0.16283888889817555,0.09410344242447462,2.1734501847826233,-0.6907672199433892,-0.03743786348814483,195
196,4.7852322004211,0.3444000457717752,0.06763014553436777,2.621170973811092,-0.6234498209197773,0.0991556841984952,2.336286365101067,0.16354237787631595,0.09327767840833344,2.1734501847826233,-0.6907672199433892,-0.03743786348814483,196
197,4.7852322004211,0.3444000457717752,0.06763014553436777,2.621170973811092,-0.6234498209197773,0.0991556841984952,2.3449914511596166,0.16426908883914812,0.0930903310921957,2.1734501847826233,-0.6907672199433892,-0.03743786348814483,197
198,4.7852322004211,0.3444000457717752,0.06763014553436777,2.621170973811092,-0.6234498209197773,0.0991556841984952,2.3537357430632277,0.1650318120665818,0.09300634829751774,2.1734501847826233,-0.6907672199433892,-0.03743786348814483,198
199,4.7852322004211,0.3444000457717752,0.06763014553436777,2.621170973811092,-0.6234498209197773,0.0991556841984952,2.3624491678614206,0.16589448458529782,0.09300793628340884,2.1734501847826233,-0.6907672199433892,-0.03743786348814483,199
200,4.7852322004211,0.3444000457717752,0.06763014553436777,2.621170973811092,-0.6234498209197773,0.0991556841984952,2.371239647344491,0.16675358291071538,0.09349124288309585,2.1734501847826233,-0.6907672199433892,-0.03743786348814483,200
201,4.7852322004211,0.3444000457717752,0.06763014553436777,2.621170973811092,-0.6234498209197773,0.0991556841984952,2.380111006166756,0.1675424917276256,0.09360178036085046,2.1734501847826233,-0.6907672199433892,-0.03743786348814483,201
202,4.7852322004211,0.3444000457717752,0.06763014553436777,2.621170973811092,-0.6234498209197773,0.0991556841984952,2.389017030648828,0.16842682794519334,0.09414544147871014,2.1734501847826233,-0.6907672199433892,-0.03743786348814483,202
203,4.7852322004211,0.3444000457717752,0.06763014553436777,2.621170973811092,-0.6234498209197773,0.0991556841984952,2.397930026095014,0.1693056756581998,0.09457370164703044,2.1734501847826233,-0.6907672199433892,-0.03743786348814483,203
204,4.7852322004211,0.3444000457717752,0.06763014553436777,2.621170973811092,-0.6234498209197773,0.0991556841984952,2.406823140419452,0.1702365184792153,0.09524638733770882,2.1734501847826233,-0.6907672199433892,-0.03743786348814483,204
205,4.7852322004211,0.3444000457717752,0.06763014553436777,2.621170973811092,-0.6234498209197773,0.0991556841984952,2.4156762511928664,0.1712016094412404,0.09605341812159914,2.1734501847826233,-0.6907672199433892,-0.03743786348814483,205
206,4.7852322004211,0.3444000457717752,0.06763014553436777,2.621170973811092,-0.6234498209197773,0.0991556841984952,2.424470791238445,0.17219820570503314,0.09697704928819847,2.1734501847826233,-0.6907672199433892,-0.03743786348814483,206
207,4.7852322004211,0.3444000457717752,0.06763014553436777,2.621170973811092,-0.6234498209197773,0.0991556841984952,2.4333139205719747,0.1731469831619401,0.09822309873714365,2.1734501847826233,-0.6907672199433892,-0.03743786348814483,207
208,4.7852322004211,0.3444000457717752,0.06763014553436777,2.621170973811092,-0.6234498209197773,0.0991556841984952,2.44225011565252,0.17426482496448664,0.0986378659631674,2.1734501847826233,-0.6907672199433892,-0.03743786348814483,208
209,4.7852322004211,0.3444000457717752,0.06763014553436777,2.621170973811092,-0.6234498209197773,0.0991556841984952,2.4512458484555752,0.17529493953432787,0.09864694018311544,2.1734501847826233,-0.6907672199433892,-0.03743786348814483,209
210,4.7852322004211,0.3444000457717752,0.06763014553436777,2.621170973811092,-0.6234498209197773,0.0991556841984952,2.460301392019795,0.17628165522376746,0.09908436106204228,2.1734501847826233,-0.6907672199433892,-0.03743786348814483,210
211,4.7852322004211,0.3444000457717752,0.06763014553436777,2.621170973811092,-0.6234498209197773,0.0991556841984952,2.4693744827908,0.1771781038885823,0.0989428968775899,2.1734501847826233,-0.6907672199433892,-0.03743786348814483,211
212,4.7852322004211,0.3444000457717752,0.06763014553436777,2.621170973811092,-0.6234498209197773,0.0991556841984952,2.4784447485673287,0.1779898335766698,0.09828521023355011,2.1734501847826233,-0.6907672199433892,-0.03743786348814483,212
213,4.7852322004211,0.3444000457717752,0.06763014553436777,2.621170973811092,-0.6234498209197773,0.0991556841984952,2.487496164992876,0.17871000298362438,0.09716902778925939,2.1734501847826233,-0.6907672199433892,-0.03743786348814483,213
214,4.7852322004211,0.3444000457717752,0.06763014553436777,2.621170973811092,-0.6234498209197773,0.0991556841984952,2.4965132426901215,0.1793317782699061,0.09564905903848886,2.1734501847826233,-0.6907672199433892,-0.03743786348814483,214
215,4.7852322004211,0.3444000457717752,0.06763014553436777,2.621170973811092,-0.6234498209197773,0.0991556841984952,2.5054047580762875,0.17986360289553666,0.09379537438995016,2.1734501847826233,-0.6907672199433892,-0.03743786348814483,215
216,4.7852322004211,0.3444000457717752,0.06763014553436777,2.621170973811092,-0.6234498209197773,0.0991556841984952,2.5141032324376087,0.1802353866117694,0.09140537328966857,2.1734501847826233,-0.6907672199433892,-0.03743786348814483,216
217,4.7852322004211,0.3444000457717752,0.06763014553436777,2.621170973811092,-0.6234498209197773,0.0991556841984952,2.5227604166379214,0.18050844582157666,0.08885599013730104,2.1734501847826233,-0.6907672199433892,-0.03743786348814483,217
218,4.7852322004211,0.3444000457717752,0.06763014553436777,2.621170973811092,-0.6234498209197773,0.0991556841984952,2.5310142425263145,0.1808199870384034,0.08667425891566898,2.1734501847826233,-0.6907672199433892,-0.03743786348814483,218
219,4.7852322004211,0.3444000457717752,0.06763014553436777,2.621170973811092,-0.6234498209197773,0.0991556841984952,2.53910878974669,0.18117734478709382,0.08482860820291875,2.1734501847826233,-0.6907672199433892,-0.03743786348814483,219
220,4.7852322004211,0.3444000457717752,0.06763014553436777,2.621170973811092,-0.6234498209197773,0.0991556841984952,2.547176448969728,0.1814349778290269,0.08227315202750808,2.1734501847826233,-0.6907672199433892,-0.03743786348814483,220
221,4.7852322004211,0.3444000457717752,0.06763014553436777,2.621170973811092,-0.6234498209197773,0.0991556841984952,2.5552848557354486,0.18182270934090228,0.08052229387087664,2.1734501847826233,-0.6907672199433892,-0.03743786348814483,221
222,4.7852322004211,0.3444000457717752,0.06763014553436777,2.621170973811092,-0.6234498209197773,0.0991556841984952,2.563373251859883,0.18225396555742665,0.07916102603860418,2.1734501847826233,-0.6907672199433892,-0.03743786348814483,222
223,4.7852322004211,0.3444000457717752,0.06763014553436777,2.621170973811092,-0.6234498209197773,0.0991556841984952,2.5714775471684566,0.18260276674093884,0.07758061066949072,2.1734501847826233,-0.6907672199433892,-0.03743786348814483,223
224,4.7852322004211,0.3444000457717752,0.06763014553436777,2.621170973811092,-0.6234498209197773,0.0991556841984952,2.579596031969175,0.18287254647924767,0.0757915230351826,2.1734501847826233,-0.6907672199433892,-0.03743786348814483,224
225,4.7852322004211,0.3444000457717752,0.06763014553436777,2.621170973811092,-0.6234498209197773,0.0991556841984952,2.587777655869321,0.1830983518581063,0.07425145850616917,2.1734501847826233,-0.6907672199433892,-0.03743786348814483,225
226,4.7852322004211,0.3444000457717752,0.06763014553436777,2.621170973811092,-0.6234498209197773,0.0991556841984952,2.595975092689292,0.18340200191495637,0.07324488105544522,2.1734501847826233,-0.6907672199433892,-0.03743786348814483,226
227,4.7852322004211,0.3444000457717752,0.06763014553436777,2.621170973811092,-0.6234498209197773,0.0991556841984952,2.604435076727674,0.18382077056108304,0.07189017972164082,2.1734501847826233,-0.6907672199433892,-0.03743786348814483,227
228,4.7852322004211,0.3444000457717752,0.06763014553436777,2.621170973811092,-0.6234498209197773,0.0991556841984952,2.613006017823613,0.18426025320827874,0.07095007873306304,2.1734501847826233,-0.6907672199433892,-0.03743786348814483,228
229,4.7852322004211,0.3444000457717752,0.06763014553436777,2.621170973811092,-0.6234498209197773,0.0991556841984952,2.621569479237296,0.184806839932822,0.0707224967922886,2.1734501847826233,-0.6907672199433892,-0.03743786348814483,229
230,4.7852322004211,0.3444000457717752,0.06763014553436777,2.621170973811092,-0.6234498209197773,0.0991556841984952,2.6301743604407726,0.18530790431815278,0.07028077077421611,2.1734501847826233,-0.6907672199433892,-0.03743786348814483,230
231,4.7852322004211,0.3444000457717752,0.06763014553436777,2.621170973811092,-0.6234498209197773,0.0991556841984952,2.6387711804400173,0.1857314404939575,0.0700168964105473,2.1734501847826233,-0.6907672199433892,-0.03743786348814483,231
232,4.7852322004211,0.3444000457717752,0.06763014553436777,2.621170973811092,-0.6234498209197773,0.0991556841984952,2.6473702869088305,0.18620352618883848,0.0703545811495978,2.1734501847826233,-0.6907672199433892,-0.03743786348814483,232
233,4.7852322004211,0.3444000457717752,0.06763014553436777,2.621170973811092,-0.6234498209197773,0.0991556841984952,2.6561262683858815,0.1869746159078208,0.07106512261864388,2.1734501847826233,-0.6907672199433892,-0.03743786348814483,233
234,4.7852322004211,0.3444000457717752,0.06763014553436777,2.621170973811092,-0.6234498209197773,0.0991556841984952,2.664983479500882,0.18780840407457475,0.07217275242772947,2.1734501847826233,-0.6907672199433892,-0.03743786348814483,234
235,4.7852322004211,0.3444000457717752,0.06763014553436777,2.621170973811092,-0.6234498209197773,0.0991556841984952,2.6739134577209587,0.18870938689529912,0.07358311199275515,2.1734501847826233,-0.6907672199433892,-0.03743786348814483,235
236,4.7852322004211,0.3444000457717752,0.06763014553436777,2.621170973811092,-0.6234498209197773,0.0991556841984952,2.6828796597912925,0.18967586833193267,0.07522010435542031,2.1734501847826233,-0.6907672199433892,-0.03743786348814483,236
237,4.7852322004211,0.3444000457717752,0.06763014553436777,2.621170973811092,-0.6234498209197773,0.0991556841984952,2.6918383363742553,0.19071445314902027,0.07720647404803964,2.1734501847826233,-0.6907672199433892,-0.03743786348814483,237
238,4.7852322004211,0.3444000457717752,0.06763014553436777,2.621170973811092,-0.6234498209197773,0.0991556841984952,2.700767645655303,0.1919043836655229,0.07985573705279794,2.1734501847826233,-0.6907672199433892,-0.03743786348814483,238
239,4.7852322004211,0.3444000457717752,0.06763014553436777,2.621170973811092,-0.6234498209197773,0.0991556841984952,2.7096828667406556,0.1929101731898818,0.08133504758598359,2.1734501847826233,-0.6907672199433892,-0.03743786348814483,239
240,4.7852322004211,0.3444000457717752,0.06763014553436777,2.621170973811092,-0.6234498209197773,0.0991556841984952,2.7186380163184336,0.1940673593061926,0.083142832734099,2.1734501847826233,-0.6907672199433892,-0.03743786348814483,240
241,4.7852322004211,0.3444000457717752,0.06763014553436777,2.621170973811092,-0.6234498209197773,0.0991556841984952,2.727644569294544,0.19524488243617522,0.08477623851028208,2.1734501847826233,-0.6907672199433892,-0.03743786348814483,241
242,4.7852322004211,0.3444000457717752,0.06763014553436777,2.621170973811092,-0.6234498209197773,0.0991556841984952,2.7365267138891234,0.1962144786947981,0.08567010907358995,2.1734501847826233,-0.6907672199433892,-0.03743786348814483,242
243,4.7852322004211,0.3444000457717752,0.06763014553436777,2.621170973811092,-0.6234498209197773,0.0991556841984952,2.745371136914776,0.19721850368252902,0.08695725655721093,2.1734501847826233,-0.6907672199433892,-0.03743786348814483,243
244,4.7852322004211,0.3444000457717752,0.06763014553436777,2.621170973811092,-0.6234498209197773,0.0991556841984952,2.754248461269166,0.1982455852290198,0.0884193505319498,2.1734501847826233,-0.6907672199433892,-0.03743786348814483,244
245,4.7852322004211,0.3444000457717752,0.06763014553436777,2.621170973811092,-0.6234498209197773,0.0991556841984952,2.7632000793349185,0.1992562051418057,0.08960525498058762,2.1734501847826233,-0.6907672199433892,-0.03743786348814483,245
246,4.7852322004211,0.3444000457717752,0.06763014553436777,2.621170973811092,-0.6234498209197773,0.0991556841984952,2.7721911398300803,0.2003259256845128,0.09096980890917734,2.1734501847826233,-0.6907672199433892,-0.03743786348814483,246
247,4.7852322004211,0.3444000457717752,0.06763014553436777,2.621170973811092,-0.6234498209197773,0.0991556841984952,2.7810731578971684,0.20156509190661773,0.09326256329307608,2.1734501847826233,-0.6907672199433892,-0.03743786348814483,247
248,4.7852322004211,0.3444000457717752,0.06763014553436777,2.621170973811092,-0.6234498209197773,0.0991556841984952,2.790020818288287,0.20280059765109468,0.0951568003161374,2.1734501847826233,-0.6907672199433892,-0.03743786348814483,248
249,4.7852322004211,0.3444000457717752,0.06763014553436777,2.621170973811092,-0.6234498209197773,0.0991556841984952,2.7989638518299835,0.20366212571052167,0.09598196881608313,2.1734501847826233,-0.6907672199433892,-0.03743786348814483,249
250,4.7852322004211,0.3444000457717752,0.06763014553436777,2.621170973811092,-0.6234498209197773,0.0991556841984952,2.807903302066752,0.20459917721339888,0.09693323324463611,2.1734501847826233,-0.6907672199433892,-0.03743786348814483,250
251,4.7852322004211,0.3444000457717752,0.06763014553436777,2.621170973811092,-0.6234498209197773,0.0991556841984952,2.816878985623443,0.20567833023718743,0.09748921156656336,2.1734501847826233,-0.6907672199433892,-0.03743786348814483,251
252,4.7852322004211,0.3444000457717752,0.06763014553436777,2.621170973811092,-0.6234498209197773,0.0991556841984952,2.82585355709064,0.20666718926403282,0.09788787306676536,2.1734501847826233,-0.6907672199433892,-0.03743786348814483,252
253,4.7852322004211,0.3444000457717752,0.06763014553436777,2.621170973811092,-0.6234498209197773,0.0991556841984952,2.8347890190608216,0.20752769718908198,0.09777686805520673,2.1734501847826233,-0.6907672199433892,-0.03743786348814483,253
254,4.7852322004211,0.3444000457717752,0.06763014553436777,2.621170973811092,-0.6234498209197773,0.0991556841984952,2.843691157745721,0.20847788334444114,0.09830093811606565,2.1734501847826233,-0.6907672199433892,-0.03743786348814483,254
255,4.7852322004211,0.3444000457717752,0.06763014553436777,2.621170973811092,-0.6234498209197773,0.0991556841984952,2.8525645897728262,0.20937373434746812,0.09826145571712504,2.1734501847826233,-0.6907672199433892,-0.03743786348814483,255
256,4.7852322004211,0.3444000457717752,0.06763014553436777,2.621170973811092,-0.6234498209197773,0.0991556841984952,2.861552714125196,0.21031709771231433,0.09859554565645169,2.1734501847826233,-0.6907672199433892,-0.03743786348814483,256
257,4.7852322004211,0.3444000457717752,0.06763014553436777,2.621170973811092,-0.6234498209197773,0.0991556841984952,2.8705111988276544,0.21117867942934443,0.09841995160999487,2.1734501847826233,-0.6907672199433892,-0.03743786348814483,257
258,4.7852322004211,0.3444000457717752,0.06763014553436777,2.621170973811092,-0.6234498209197773,0.0991556841984952,2.8795004151006744,0.21226202242478137,0.09917136573659167,2.1734501847826233,-0.6907672199433892,-0.03743786348814483,258
259,4.7852322004211,0.3444000457717752,0.06763014553436777,2.621170973811092,-0.6234498209197773,0.0991556841984952,2.888507862663817,0.21326182761835896,0.10025989372331502,2.1734501847826233,-0.6907672199433892,-0.03743786348814483,259
260,4.7852322004211,0.3444000457717752,0.06763014553436777,2.621170973811092,-0.6234498209197773,0.0991556841984952,2.8976497378799686,0.21417524151061348,0.09986099630909182,2.1734501847826233,-0.6907672199433892,-0.03743786348814483,260
261,4.7852322004211,0.3444000457717752,0.06763014553436777,2.621170973811092,-0.6234498209197773,0.0991556841984952,2.9068053934038582,0.21500165671262825,0.09910449423545982,2.1734501847826233,-0.6907672199433892,-0.03743786348814483,261
262,4.7852322004211,0.3444000457717752,0.06763014553436777,2.621170973811092,-0.6234498209197773,0.0991556841984952,2.915913130894015,0.21576921828314627,0.09834949054438415,2.1734501847826233,-0.6907672199433892,-0.03743786348814483,262
263,4.7852322004211,0.3444000457717752,0.06763014553436777,2.621170973811092,-0.6234498209197773,0.0991556841984952,2.9249235410820407,0.21642969798865078,0.09708800867414669,2.1734501847826233,-0.6907672199433892,-0.03743786348814483,263
264,4.7852322004211,0.3444000457717752,0.06763014553436777,2.621170973811092,-0.6234498209197773,0.0991556841984952,2.933881081589587,0.21714124626615539,0.09638367049036933,2.1734501847826233,-0.6907672199433892,-0.03743786348814483,264
265,4.7852322004211,0.3444000457717752,0.06763014553436777,2.621170973811092,-0.6234498209197773,0.0991556841984952,2.94270524080746,0.2177382679683277,0.09525668072183685,2.1734501847826233,-0.6907672199433892,-0.03743786348814483,265
266,4.7852322004211,0.3444000457717752,0.06763014553436777,2.621170973811092,-0.6234498209197773,0.0991556841984952,2.951387309475159,0.218274159341063,0.09375425906923701,2.1734501847826233,-0.6907672199433892,-0.03743786348814483,266
267,4.7852322004211,0.3444000457717752,0.06763014553436777,2.621170973811092,-0.6234498209197773,0.0991556841984952,2.9599533240666918,0.2186467168482487,0.09166009613799093,2.1734501847826233,-0.6907672199433892,-0.03743786348814483,267
268,4.7852322004211,0.3444000457717752,0.06763014553436777,2.621170973811092,-0.6234498209197773,0.0991556841984952,2.968508333493502,0.2190129814450347,0.08926500910347544,2.1734501847826233,-0.6907672199433892,-0.03743786348814483,268
269,4.7852322004211,0.3444000457717752,0.06763014553436777,2.621170973811092,-0.6234498209197773,0.0991556841984952,2.9768647242256843,0.21950660375872255,0.0880142770917761,2.1734501847826233,-0.6907672199433892,-0.03743786348814483,269
270,4.7852322004211,0.3444000457717752,0.06763014553436777,2.621170973811092,-0.6234498209197773,0.0991556841984952,2.9852500272279205,0.21995373290674036,0.0864012760123614,2.1734501847826233,-0.6907672199433892,-0.03743786348814483,270
271,4.7852322004211,0.3444000457717752,0.06763014553436777,2.621170973811092,-0.6234498209197773,0.0991556841984952,2.993693345887411,0.22038860965660964,0.08500059308520379,2.1734501847826233,-0.6907672199433892,-0.03743786348814483,271
272,4.7852322004211,0.3444000457717752,0.06763014553436777,2.621170973811092,-0.6234498209197773,0.0991556841984952,3.0021406751966144,0.22064744216337195,0.08379661177721795,2.1734501847826233,-0.6907672199433892,-0.03743786348814483,272
273,4.7852322004211,0.3444000457717752,0.06763014553436777,2.621170973811092,-0.6234498209197773,0.0991556841984952,3.010441840308924,0.22111374667401207,0.08298424894145189,2.1734501847826233,-0.6907672199433892,-0.03743786348814483,273
274,4.7852322004211,0.3444000457717752,0.06763014553436777,2.621170973811092,-0.6234498209197773,0.0991556841984952,3.018633853075535,0.22168436494822674,0.08153986334583221,2.1734501847826233,-0.6907672199433892,-0.03743786348814483,274
275,4.7852322004211,0.3444000457717752,0.06763014553436777,2.621170973811092,-0.6234498209197773,0.0991556841984952,3.0267686824427784,0.22219327427841604,0.07986136950961516,2.1734501847826233,-0.6907672199433892,-0.03743786348814483,275
276,4.7852322004211,0.3444000457717752,0.06763014553436777,2.621170973811092,-0.6234498209197773,0.0991556841984952,3.0349842554713344,0.2226885977983622,0.07897003105883038,2.1734501847826233,-0.6907672199433892,-0.03743786348814483,276
277,4.7852322004211,0.3444000457717752,0.06763014553436777,2.621170973811092,-0.6234498209197773,0.0991556841984952,3.0431439992080724,0.22324014356094896,0.07875954732296446,2.1734501847826233,-0.6907672199433892,-0.03743786348814483,277
278,4.7852322004211,0.3444000457717752,0.06763014553436777,2.621170973811092,-0.6234498209197773,0.0991556841984952,3.051298640584651,0.22379080321659126,0.07835729999031005,2.1734501847826233,-0.6907672199433892,-0.03743786348814483,278
279,4.7852322004211,0.3444000457717752,0.06763014553436777,2.621170973811092,-0.6234498209197773,0.0991556841984952,3.0595272106442852,0.22451444668638237,0.0786106581611042,2.1734501847826233,-0.6907672199433892,-0.03743786348814483,279
280,4.7852322004211,0.3444000457717752,0.06763014553436777,2.621170973811092,-0.6234498209197773,0.0991556841984952,3.067856106500332,0.22529374706803665,0.07954406220158061,2.1734501847826233,-0.6907672199433892,-0.03743786348814483,280
281,4.7852322004211,0.3444000457717752,0.06763014553436777,2.621170973811092,-0.6234498209197773,0.0991556841984952,3.076325615246633,0.2260889557314205,0.08023128016112104,2.1734501847826233,-0.6907672199433892,-0.03743786348814483,281
282,4.7852322004211,0.3444000457717752,0.06763014553436777,2.621170973811092,-0.6234498209197773,0.0991556841984952,3.084793063123558,0.2268821335809505,0.08079274196400858,2.1734501847826233,-0.6907672199433892,-0.03743786348814483,282
283,4.7852322004211,0.3444000457717752,0.06763014553436777,2.621170973811092,-0.6234498209197773,0.0991556841984952,3.093290558492178,0.22778624984779527,0.0819582069880509,2.1734501847826233,-0.6907672199433892,-0.03743786348814483,283
284,4.7852322004211,0.3444000457717752,0.06763014553436777,2.621170973811092,-0.6234498209197773,0.0991556841984952,3.101811255676644,0.22875260621794982,0.08334732892868885,2.1734501847826233,-0.6907672199433892,-0.03743786348814483,284
285,4.7852322004211,0.3444000457717752,0.06763014553436777,2.621170973811092,-0.6234498209197773,0.0991556841984952,3.110321903085383,0.22961667889774687,0.08469120029999383,2.1734501847826233,-0.6907672199433892,-0.03743786348814483,285
286,4.7852322004211,0.3444000457717752,0.06763014553436777,2.621170973811092,-0.6234498209197773,0.0991556841984952,3.118951379743835,0.2305071008403031,0.08665967395916016,2.1734501847826233,-0.6907672199433892,-0.03743786348814483,286
287,4.7852322004211,0.3444000457717752,0.06763014553436777,2.621170973811092,-0.6234498209197773,0.0991556841984952,3.1276668510960937,0.23154874457880736,0.08686988775333904,2.1734501847826233,-0.6907672199433892,-0.03743786348814483,287
288,4.7852322004211,0.3444000457717752,0.06763014553436777,2.621170973811092,-0.6234498209197773,0.0991556841984952,3.136404603879891,0.2323872451167113,0.08616418567393308,2.1734501847826233,-0.6907672199433892,-0.03743786348814483,288
289,4.7852322004211,0.3444000457717752,0.06763014553436777,2.621170973811092,-0.6234498209197773,0.0991556841984952,3.1451113577503955,0.2331070655205185,0.08630535150296724,2.1734501847826233,-0.6907672199433892,-0.03743786348814483,289
290,4.7852322004211,0.3444000457717752,0.06763014553436777,2.621170973811092,-0.6234498209197773,0.0991556841984952,3.1537640135211107,0.23400082884281526,0.08742357028613876,2.1734501847826233,-0.6907672199433892,-0.03743786348814483,290
291,4.7852322004211,0.3444000457717752,0.06763014553436777,2.621170973811092,-0.6234498209197773,0.0991556841984952,3.162387413345242,0.2348501560691864,0.08760930597530091,2.1734501847826233,-0.6907672199433892,-0.03743786348814483,291
292,4.7852322004211,0.3444000457717752,0.06763014553436777,2.621170973811092,-0.6234498209197773,0.0991556841984952,3.170986546584983,0.23565567154933698,0.08830891347576535,2.1734501847826233,-0.6907672199433892,-0.03743786348814483,292
293,4.7852322004211,0.3444000457717752,0.06763014553436777,2.621170973811092,-0.6234498209197773,0.0991556841984952,3.179566049146627,0.23643589296560505,0.08867989027262509,2.1734501847826233,-0.6907672199433892,-0.03743786348814483,293
294,4.7852322004211,0.3444000457717752,0.06763014553436777,2.621170973811092,-0.6234498209197773,0.0991556841984952,3.1882312570584146,0.23731852742607898,0.08933730571848253,2.1734501847826233,-0.6907672199433892,-0.03743786348814483,294
295,4.7852322004211,0.3444000457717752,0.06763014553436777,2.621170973811092,-0.6234498209197773,0.0991556841984952,3.196882247436883,0.23830882165544526,0.0903540514456008,2.1734501847826233,-0.6907672199433892,-0.03743786348814483,295
296,4.7852322004211,0.3444000457717752,0.06763014553436777,2.621170973811092,-0.6234498209197773,0.0991556841984952,3.2054981735088273,0.23935484354029535,0.09160160148069033,2.1734501847826233,-0.6907672199433892,-0.03743786348814483,296
297,4.7852322004211,0.3444000457717752,0.06763014553436777,2.621170973811092,-0.6234498209197773,0.0991556841984952,3.214108781459454,0.24047006412745883,0.09289033301747754,2.1734501847826233,-0.6907672199433892,-0.03743786348814483,297
298,4.7852322004211,0.3444000457717752,0.06763014553436777,2.621170973811092,-0.6234498209197773,0.0991556841984952,3.222803099820863,0.24154108706485675,0.0940107967600334,2.1734501847826233,-0.6907672199433892,-0.03743786348814483,298
299,4.7852322004211,0.3444000457717752,0.06763014553436777,2.621170973811092,-0.6234498209197773,0.0991556841984952,3.2315789351334057,0.24257387086044527,0.09511788335980445,2.1734501847826233,-0.6907672199433892,-0.03743786348814483,299
300,4.7852322004211,0.3444000457717752,0.06763014553436777,2.621170973811092,-0.6234498209197773,0.0991556841984952,3.2404094893897217,0.24364328305136282,0.09662292307743346,2.1734501847826233,-0.6907672199433892,-0.03743786348814483,300
301,4.7852322004211,0.3444000457717752,0.06763014553436777,2.621170973811092,-0.6234498209197773,0.0991556841984952,3.2492290468204303,0.2446080256242779,0.09774582855722634,2.1734501847826233,-0.6907672199433892,-0.03743786348814483,301
302,4.7852322004211,0.3444000457717752,0.06763014553436777,2.621170973811092,-0.6234498209197773,0.0991556841984952,3.2581093389582527,0.24548032388409657,0.09786882954303568,2.1734501847826233,-0.6907672199433892,-0.03743786348814483,302
303,4.7852322004211,0.3444000457717752,0.06763014553436777,2.621170973811092,-0.6234498209197773,0.0991556841984952,3.266970495256255,0.24634452161766204,0.09757031652590364,2.1734501847826233,-0.6907672199433892,-0.03743786348814483,303
304,4.7852322004211,0.3444000457717752,0.06763014553436777,2.621170973811092,-0.6234498209197773,0.0991556841984952,3.2758407593246943,0.2472952864440876,0.09802104922973895,2.1734501847826233,-0.6907672199433892,-0.03743786348814483,304
305,4.7852322004211,0.3444000457717752,0.06763014553436777,2.621170973811092,-0.6234498209197773,0.0991556841984952,3.2846854723871473,0.24814668420387243,0.09787021369072602,2.1734501847826233,-0.6907672199433892,-0.03743786348814483,305
306,4.7852322004211,0.3444000457717752,0.06763014553436777,2.621170973811092,-0.6234498209197773,0.0991556841984952,3.293572613359765,0.24896107641748066,0.09795031690960992,2.1734501847826233,-0.6907672199433892,-0.03743786348814483,306
307,4.7852322004211,0.3444000457717752,0.06763014553436777,2.621170973811092,-0.6234498209197773,0.0991556841984952,3.302352773970447,0.2499679756273914,0.09895634173095108,2.1734501847826233,-0.6907672199433892,-0.03743786348814483,307
308,4.7852322004211,0.3444000457717752,0.06763014553436777,2.621170973811092,-0.6234498209197773,0.0991556841984952,3.311164423313494,0.2508561590109336,0.09966022170807336,2.1734501847826233,-0.6907672199433892,-0.03743786348814483,308
309,4.7852322004211,0.3444000457717752,0.06763014553436777,2.621170973811092,-0.6234498209197773,0.0991556841984952,3.3199582222094066,0.25179499703479136,0.09996230350987886,2.1734501847826233,-0.6907672199433892,-0.03743786348814483,309
310,4.7852322004211,0.3444000457717752,0.06763014553436777,2.621170973811092,-0.6234498209197773,0.0991556841984952,3.328748414308336,0.2528099660484127,0.10003552491013952,2.1734501847826233,-0.6907672199433892,-0.03743786348814483,310
311,4.7852322004211,0.3444000457717752,0.06763014553436777,2.621170973811092,-0.6234498209197773,0.0991556841984952,3.337647495987884,0.2538857042671091,0.10030740845222232,2.1734501847826233,-0.6907672199433892,-0.03743786348814483,311
312,4.7852322004211,0.3444000457717752,0.06763014553436777,2.621170973811092,-0.6234498209197773,0.0991556841984952,3.3466033402820408,0.2549516867962302,0.10139392500118742,2.1734501847826233,-0.6907672199433892,-0.03743786348814483,312
313,4.7852322004211,0.3444000457717752,0.06763014553436777,2.621170973811092,-0.6234498209197773,0.0991556841984952,3.3556094556085614,0.2560092544050943,0.10215517993774181,2.1734501847826233,-0.6907672199433892,-0.03743786348814483,313
314,4.7852322004211,0.3444000457717752,0.06763014553436777,2.621170973811092,-0.6234498209197773,0.0991556841984952,3.3646139601878575,0.2571241216014634,0.102332468675978,2.1734501847826233,-0.6907672199433892,-0.03743786348814483,314
315,4.7852322004211,0.3444000457717752,0.06763014553436777,2.621170973811092,-0.6234498209197773,0.0991556841984952,3.373607905385396,0.2581686538920935,0.10265141189034402,2.1734501847826233,-0.6907672199433892,-0.03743786348814483,315
316,4.7852322004211,0.3444000457717752,0.06763014553436777,2.621170973811092,-0.6234498209197773,0.0991556841984952,3.382616771850568,0.25911659855179886,0.10297844743349445,2.1734501847826233,-0.6907672199433892,-0.03743786348814483,316
317,4.7852322004211,0.3444000457717752,0.06763014553436777,2.621170973811092,-0.6234498209197773,0.0991556841984952,3.3916931709462443,0.26016452407201224,0.1043239253411575,2.1734501847826233,-0.6907672199433892,-0.03743786348814483,317
318,4.7852322004211,0.3444000457717752,0.06763014553436777,2.621170973811092,-0.6234498209197773,0.0991556841984952,3.4007743768676635,0.2612432677050058,0.10499969165168607,2.1734501847826233,-0.6907672199433892,-0.03743786348814483,318
319,4.7852322004211,0.3444000457717752,0.06763014553436777,2.621170973811092,-0.6234498209197773,0.0991556841984952,3.409898910455664,0.2625409596802031,0.10612312372602911,2.1734501847826233,-0.6907672199433892,-0.03743786348814483,319
320,4.7852322004211,0.3444000457717752,0.06763014553436777,2.621170973811092,-0.6234498209197773,0.0991556841984952,3.4190655984302425,0.26381120013786163,0.10756852112358124,2.1734501847826233,-0.6907672199433892,-0.03743786348814483,320
321,4.7852322004211,0.3444000457717752,0.06763014553436777,2.621170973811092,-0.6234498209197773,0.0991556841984952,3.4282524665270833,0.2651394116031151,0.10954152212613102,2.1734501847826233,-0.6907672199433892,-0.03743786348814483,321
322,4.7852322004211,0.3444000457717752,0.06763014553436777,2.621170973811092,-0.6234498209197773,0.0991556841984952,3.437424598184426,0.26657002157814147,0.11145705190507234,2.1734501847826233,-0.6907672199433892,-0.03743786348814483,322
323,4.7852322004211,0.3444000457717752,0.06763014553436777,2.621170973811092,-0.6234498209197773,0.0991556841984952,3.446642190725716,0.26785672136211475,0.1126792463055399,2.1734501847826233,-0.6907672199433892,-0.03743786348814483,323
324,4.7852322004211,0.3444000457717752,0.06763014553436777,2.621170973811092,-0.6234498209197773,0.0991556841984952,3.455769344232914,0.26897985002394276,0.11315880721932962,2.1734501847826233,-0.6907672199433892,-0.03743786348814483,324
325,4.7852322004211,0.3444000457717752,0.06763014553436777,2.621170973811092,-0.6234498209197773,0.0991556841984952,3.464819746143633,0.27027621930586926,0.11424089811551245,2.1734501847826233,-0.6907672199433892,-0.03743786348814483,325
326,4.7852322004211,0.3444000457717752,0.06763014553436777,2.621170973811092,-0.6234498209197773,0.0991556841984952,3.4736844471805517,0.2713880382200224,0.1145902012209544,2.1734501847826233,-0.6907672199433892,-0.03743786348814483,326
327,4.7852322004211,0.3444000457717752,0.06763014553436777,2.621170973811092,-0.6234498209197773,0.0991556841984952,3.482483260428183,0.27256399167298845,0.11521719665004765,2.1734501847826233,-0.6907672199433892,-0.03743786348814483,327
328,4.7852322004211,0.3444000457717752,0.06763014553436777,2.621170973811092,-0.6234498209197773,0.0991556841984952,3.4912712969265067,0.2737460644841255,0.11575752635953551,2.1734501847826233,-0.6907672199433892,-0.03743786348814483,328
329,4.7852322004211,0.3444000457717752,0.06763014553436777,2.621170973811092,-0.6234498209197773,0.0991556841984952,3.5000547786528067,0.2750695461803444,0.11615362636161114,2.1734501847826233,-0.6907672199433892,-0.03743786348814483,329
330,4.7852322004211,0.3444000457717752,0.06763014553436777,2.621170973811092,-0.6234498209197773,0.0991556841984952,3.508887600555345,0.2760352237056198,0.11586718713266797,2.1734501847826233,-0.6907672199433892,-0.03743786348814483,330
331,4.7852322004211,0.3444000457717752,0.06763014553436777,2.621170973811092,-0.6234498209197773,0.0991556841984952,3.5176899581675736,0.27684216890914565,0.11564375871855352,2.1734501847826233,-0.6907672199433892,-0.03743786348814483,331
332,4.7852322004211,0.3444000457717752,0.06763014553436777,2.621170973811092,-0.6234498209197773,0.0991556841984952,3.526557742692609,0.27769248375463934,0.11515612488054651,2.1734501847826233,-0.6907672199433892,-0.03743786348814483,332
333,4.7852322004211,0.3444000457717752,0.06763014553436777,2.621170973811092,-0.6234498209197773,0.0991556841984952,3.535535149385006,0.2785812129393362,0.11444076992738537,2.1734501847826233,-0.6907672199433892,-0.03743786348814483,333
334,4.7852322004211,0.3444000457717752,0.06763014553436777,2.621170973811092,-0.6234498209197773,0.0991556841984952,3.5444790449459864,0.2794327028079838,0.11343878297434026,2.1734501847826233,-0.6907672199433892,-0.03743786348814483,334
335,4.7852322004211,0.3444000457717752,0.06763014553436777,2.621170973811092,-0.6234498209197773,0.0991556841984952,3.553487703997776,0.2803631684197752,0.11301454052076014,2.1734501847826233,-0.6907672199433892,-0.03743786348814483,335
336,4.7852322004211,0.3444000457717752,0.06763014553436777,2.621170973811092,-0.6234498209197773,0.0991556841984952,3.56243730613416,0.28119314700531356,0.11190527339078894,2.1734501847826233,-0.6907672199433892,-0.03743786348814483,336
337,4.7852322004211,0.3444000457717752,0.06763014553436777,2.621170973811092,-0.6234498209197773,0.0991556841984952,3.5713821494324054,0.28198851659312907,0.11093384326517526,2.1734501847826233,-0.6907672199433892,-0.03743786348814483,337
338,4.7852322004211,0.3444000457717752,0.06763014553436777,2.621170973811092,-0.6234498209197773,0.0991556841984952,3.580328021774128,0.28268520769723243,0.11065269283765033,2.1734501847826233,-0.6907672199433892,-0.03743786348814483,338
339,4.7852322004211,0.3444000457717752,0.06763014553436777,2.621170973811092,-0.6234498209197773,0.0991556841984952,3.5893022042259415,0.283655292516865,0.1105488419180766,2.1734501847826233,-0.6907672199433892,-0.03743786348814483,339
340,4.7852322004211,0.3444000457717752,0.06763014553436777,2.621170973811092,-0.6234498209197773,0.0991556841984952,3.5981596534799514,0.28481602401737177,0.11014883654565012,2.1734501847826233,-0.6907672199433892,-0.03743786348814483,340
341,4.7852322004211,0.3444000457717752,0.06763014553436777,2.621170973811092,-0.6234498209197773,0.0991556841984952,3.606954249328285,0.2859456509048152,0.1087487135123886,2.1734501847826233,-0.6907672199433892,-0.03743786348814483,341
342,4.7852322004211,0.3444000457717752,0.06763014553436777,2.621170973811092,-0.6234498209197773,0.0991556841984952,3.6157423090650007,0.2869550739359759,0.10876324353589568,2.1734501847826233,-0.6907672199433892,-0.03743786348814483,342
343,4.7852322004211,0.3444000457717752,0.06763014553436777,2.621170973811092,-0.6234498209197773,0.0991556841984952,3.6245521695721004,0.287764508629049,0.10806673544923237,2.1734501847826233,-0.6907672199433892,-0.03743786348814483,343
344,4.7852322004211,0.3444000457717752,0.06763014553436777,2.621170973811092,-0.6234498209197773,0.0991556841984952,3.633334030597208,0.28863087946191585,0.10791812590527415,2.1734501847826233,-0.6907672199433892,-0.03743786348814483,344
345,4.7852322004211,0.3444000457717752,0.06763014553436777,2.621170973811092,-0.6234498209197773,0.0991556841984952,3.642119691858631,0.28942901904925367,0.10755638426330455,2.1734501847826233,-0.6907672199433892,-0.03743786348814483,345
346,4.7852322004211,0.3444000457717752,0.06763014553436777,2.621170973811092,-0.6234498209197773,0.0991556841984952,3.6509575493939037,0.29030528593727206,0.10755981908733929,2.1734501847826233,-0.6907672199433892,-0.03743786348814483,346
347,4.7852322004211,0.3444000457717752,0.06763014553436777,2.621170973811092,-0.6234498209197773,0.0991556841984952,3.6597993036212983,0.29138541172837534,0.10786915902648384,2.1734501847826233,-0.6907672199433892,-0.03743786348814483,347
348,4.7852322004211,0.3444000457717752,0.06763014553436777,2.621170973811092,-0.6234498209197773,0.0991556841984952,3.668652539936586,0.29242620514374407,0.10814009523768607,2.1734501847826233,-0.6907672199433892,-0.03743786348814483,348
349,4.7852322004211,0.3444000457717752,0.06763014553436777,2.621170973811092,-0.6234498209197773,0.0991556841984952,3.6775458904364213,0.2935526626091402,0.10913276248636901,2.1734501847826233,-0.6907672199433892,-0.03743786348814483,349
350,4.7852322004211,0.3444000457717752,0.06763014553436777,2.621170973811092,-0.6234498209197773,0.0991556841984952,3.686334301256555,0.29476077382493726,0.11026554866358186,2.1734501847826233,-0.6907672199433892,-0.03743786348814483,350
351,4.7852322004211,0.3444000457717752,0.06763014553436777,2.621170973811092,-0.6234498209197773,0.0991556841984952,3.69502620117001,0.29593312148093837,0.110714702105048,2.1734501847826233,-0.6907672199433892,-0.03743786348814483,351
352,4.7852322004211,0.3444000457717752,0.06763014553436777,2.621170973811092,-0.6234498209197773,0.0991556841984952,3.703682901018675,0.29714021633977805,0.11152919408616699,2.1734501847826233,-0.6907672199433892,-0.03743786348814483,352
353,4.7852322004211,0.3444000457717752,0.06763014553436777,2.621170973811092,-0.6234498209197773,0.0991556841984952,3.712353952735981,0.2983663365987487,0.1126134606912974,2.1734501847826233,-0.6907672199433892,-0.03743786348814483,353
354,4.7852322004211,0.3444000457717752,0.06763014553436777,2.621170973811092,-0.6234498209197773,0.0991556841984952,3.721007174604902,0.29967222756226086,0.11421233931084657,2.1734501847826233,-0.6907672199433892,-0.03743786348814483,354
355,4.7852322004211,0.3444000457717752,0.06763014553436777,2.621170973811092,-0.6234498209197773,0.0991556841984952,3.729649271980681,0.3008806189561747,0.11521735398256738,2.1734501847826233,-0.6907672199433892,-0.03743786348814483,355
356,4.7852322004211,0.3444000457717752,0.06763014553436777,2.621170973811092,-0.6234498209197773,0.0991556841984952,3.7382670467058414,0.30191582472473016,0.11517070424590228,2.1734501847826233,-0.6907672199433892,-0.03743786348814483,356
357,4.7852322004211,0.3444000457717752,0.06763014553436777,2.621170973811092,-0.6234498209197773,0.0991556841984952,3.746877311009814,0.30300170046257724,0.11581877682243472,2.1734501847826233,-0.6907672199433892,-0.03743786348814483,357
358,4.7852322004211,0.3444000457717752,0.06763014553436777,2.621170973811092,-0.6234498209197773,0.0991556841984952,3.755405689018715,0.3041130022283785,0.11646903752233873,2.1734501847826233,-0.6907672199433892,-0.03743786348814483,358
359,4.7852322004211,0.3444000457717752,0.06763014553436777,2.621170973811092,-0.6234498209197773,0.0991556841984952,3.7637923882123725,0.30499997333488066,0.1159355350459344,2.1734501847826233,-0.6907672199433892,-0.03743786348814483,359
360,4.7852322004211,0.3444000457717752,0.06763014553436777,2.621170973811092,-0.6234498209197773,0.0991556841984952,3.772052065654417,0.30579869589516384,0.11529425294024538,2.1734501847826233,-0.6907672199433892,-0.03743786348814483,360
361,4.7852322004211,0.3444000457717752,0.06763014553436777,2.621170973811092,-0.6234498209197773,0.0991556841984952,3.780313897092222,0.306536546007314,0.11543217588490946,2.1734501847826233,-0.6907672199433892,-0.03743786348814483,361
362,4.7852322004211,0.3444000457717752,0.06763014553436777,2.621170973811092,-0.6234498209197773,0.0991556841984952,3.788481601681513,0.3074465476807567,0.11493589651865055,2.1734501847826233,-0.6907672199433892,-0.03743786348814483,362
363,4.7852322004211,0.3444000457717752,0.06763014553436777,2.621170973811092,-0.6234498209197773,0.0991556841984952,3.7966613612587556,0.30837290988738136,0.11543280568073114,2.1734501847826233,-0.6907672199433892,-0.03743786348814483,363
364,4.7852322004211,0.3444000457717752,0.06763014553436777,2.621170973811092,-0.6234498209197773,0.0991556841984952,3.804857986412496,0.3092572048807561,0.1150006307084062,2.1734501847826233,-0.6907672199433892,-0.03743786348814483,364
365,4.7852322004211,0.3444000457717752,0.06763014553436777,2.621170973811092,-0.6234498209197773,0.0991556841984952,3.81306547038836,0.3102131157406611,0.11510257259952199,2.1734501847826233,-0.6907672199433892,-0.03743786348814483,365
366,4.7852322004211,0.3444000457717752,0.06763014553436777,2.621170973811092,-0.6234498209197773,0.0991556841984952,3.821360143502757,0.31145023822876955,0.11561435844006036,2.1734501847826233,-0.6907672199433892,-0.03743786348814483,366
367,4.7852322004211,0.3444000457717752,0.06763014553436777,2.621170973811092,-0.6234498209197773,0.0991556841984952,3.8297834927586534,0.31243135563275554,0.11551187226274687,2.1734501847826233,-0.6907672199433892,-0.03743786348814483,367
368,4.7852322004211,0.3444000457717752,0.06763014553436777,2.621170973811092,-0.6234498209197773,0.0991556841984952,3.8383587697172388,0.3133755368096629,0.11558173356349893,2.1734501847826233,-0.6907672199433892,-0.03743786348814483,368
369,4.7852322004211,0.3444000457717752,0.06763014553436777,2.621170973811092,-0.6234498209197773,0.0991556841984952,3.8469436298126354,0.31443519238451434,0.11612864757991186,2.1734501847826233,-0.6907672199433892,-0.03743786348814483,369
370,4.7852322004211,0.3444000457717752,0.06763014553436777,2.621170973811092,-0.6234498209197773,0.0991556841984952,3.8555030889063766,0.3154802649240813,0.1161457761255009,2.1734501847826233,-0.6907672199433892,-0.03743786348814483,370
371,4.7852322004211,0.3444000457717752,0.06763014553436777,2.621170973811092,-0.6234498209197773,0.0991556841984952,3.864068967411705,0.3165273928459018,0.11568758192365007,2.1734501847826233,-0.6907672199433892,-0.03743786348814483,371
372,4.7852322004211,0.3444000457717752,0.06763014553436777,2.621170973811092,-0.6234498209197773,0.0991556841984952,3.8726249509848696,0.31755412358517254,0.1157688415578842,2.1734501847826233,-0.6907672199433892,-0.03743786348814483,372
373,4.7852322004211,0.3444000457717752,0.06763014553436777,2.621170973811092,-0.6234498209197773,0.0991556841984952,3.8811797985481222,0.31865453824616924,0.11576009649146794,2.1734501847826233,-0.6907672199433892,-0.03743786348814483,373
374,4.7852322004211,0.3444000457717752,0.06763014553436777,2.621170973811092,-0.6234498209197773,0.0991556841984952,3.889731908790652,0.3196736285735364,0.11706628077834105,2.1734501847826233,-0.6907672199433892,-0.03743786348814483,374
375,4.7852322004211,0.3444000457717752,0.06763014553436777,2.621170973811092,-0.6234498209197773,0.0991556841984952,3.898215102501219,0.32088723862035773,0.1186033632809603,2.1734501847826233,-0.6907672199433892,-0.03743786348814483,375
376,4.7852322004211,0.3444000457717752,0.06763014553436777,2.621170973811092,-0.6234498209197773,0.0991556841984952,3.9068034401256586,0.3222141935339472,0.12122754555228371,2.1734501847826233,-0.6907672199433892,-0.03743786348814483,376
377,4.7852322004211,0.3444000457717752,0.06763014553436777,2.621170973811092,-0.6234498209197773,0.0991556841984952,3.915309633800831,0.32355186284433524,0.12254941722076665,2.1734501847826233,-0.6907672199433892,-0.03743786348814483,377
378,4.7852322004211,0.3444000457717752,0.06763014553436777,2.621170973811092,-0.6234498209197773,0.0991556841984952,3.9237696164277573,0.32497043843112067,0.12367914567463749,2.1734501847826233,-0.6907672199433892,-0.03743786348814483,378
379,4.7852322004211,0.3444000457717752,0.06763014553436777,2.621170973811092,-0.6234498209197773,0.0991556841984952,3.932230058561196,0.3265053937055626,0.12600989620371217,2.1734501847826233,-0.6907672199433892,-0.03743786348814483,379
380,4.7852322004211,0.3444000457717752,0.06763014553436777,2.621170973811092,-0.6234498209197773,0.0991556841984952,3.9407080598141153,0.32776021567587144,0.1271601552869492,2.1734501847826233,-0.6907672199433892,-0.03743786348814483,380
381,4.7852322004211,0.3444000457717752,0.06763014553436777,2.621170973811092,-0.6234498209197773,0.0991556841984952,3.9492131701639135,0.32905944925333375,0.12906226888958827,2.1734501847826233,-0.6907672199433892,-0.03743786348814483,381
382,4.7852322004211,0.3444000457717752,0.06763014553436777,2.621170973811092,-0.6234498209197773,0.0991556841984952,3.9577973472938917,0.3304772141479832,0.13040592270222365,2.1734501847826233,-0.6907672199433892,-0.03743786348814483,382
383,4.7852322004211,0.3444000457717752,0.06763014553436777,2.621170973811092,-0.6234498209197773,0.0991556841984952,3.966448405281886,0.3320010085103485,0.13177838374988898,2.1734501847826233,-0.6907672199433892,-0.03743786348814483,383
384,4.7852322004211,0.3444000457717752,0.06763014553436777,2.621170973811092,-0.6234498209197773,0.0991556841984952,3.966448405281886,0.3320010085103485,0.13177838374988898,2.1734501847826233,-0.6907672199433892,-0.03743786348814483,384
